rok,rodzaj,przedsiębiorstwa objęte badaniem,przychody z całokształtu działalności (przychody ogółem),zysk brutto,zysk netto,kredyty bankowe i pożyczki,wynik finansowy brutto,wskaźnik płynności finansowej I stopnia,przychody netto ze sprzedaży towarów i materiałów,aktywa obrotowe,zobowiązania długoterminowe,wskaźnik rentowności obrotu netto,"przychody netto ze sprzedaży produktów, towarów i materiałów",wartość sprzedanych towarów i materiałów,należności krótkoterminowe z tytułu dostaw i usług,zapasy - towary,wskaźnik poziomu kosztów,obowiązkowe obciążenia wyniku finansowego brutto - podatek dochodowy,pozostałe koszty operacyjne,koszt sprzedanych produktów,obowiązkowe obciążenia wyniku finansowego brutto,udział przychodów przedsiębiorstw wykazujących zysk netto w przychodach z całokształtu działalności,zapasy - półprodukty i produkty w toku,wynik finansowy na działalności gospodarczej,przychody netto ze sprzedaży produktów,wskaźnik rentowności sprzedaży brutto,inwestycje krótkoterminowe,zobowiązania krótkoterminowe,zapasy - produkty gotowe,pozostałe przychody operacyjne,strata brutto,koszty uzyskania przychodów z całokształtu działalności (koszty ogółem),wskaźnik płynności finansowej II stopnia,wynik finansowy netto,wskaźnik rentowności obrotu brutto,udział liczby przedsiębiorstw wykazujących zysk netto w ogólnej liczbie przedsiębiorstw,należności krótkoterminowe,"wynik finansowy ze sprzedaży produktów, towarów i materiałów",pozostałe przychody operacyjne - dotacje,koszty finansowe,wynik zdarzeń nadzwyczajnych,zapasy - materiały,"zobowiązania krótkoterminowe z tytułu podatków, ceł, ubezpieczeń i innych świadczeń",przychody finansowe,zapasy,zobowiązania krótkoterminowe z tytułu dostaw i usług,strata netto,krótkoterminowe rozliczenia międzyokresowe
2011,Dostawa wody; gospodarowanie ściekami i odpadami oraz działalność związana z rekultywacją,577,23461858000,1477451000,1165801000,1280937000,1350242000,0.78,3701841000,8290427000,7746738000,0.044000000000000004,22278123000,3241363000,2593385000,134008000,0.943,315134000,517854000,17924012000,315134000,0.888,96070000,1346402000.0,18576282000,0.05,3923378000,5028959000,64168000,869209000,127209000,22115456000,1.463,1035108000,0.057999999999999996,0.8440000000000001,3434065000,1112748000,164542000,432227000,3840000.0,431629000,615353000,314526000,744497000,1590056000,130693000,188487000
2012,Dostawa wody; gospodarowanie ściekami i odpadami oraz działalność związana z rekultywacją,590,23581851000,1516934000,1213815000,1409321000,1360006000,0.8220000000000001,2958204000,8272047000,7969006000,0.045,22213351000,2551057000,2522643000,100128000,0.9420000000000001,309824000,606493000,18625057000,309824000,0.868,69646000,1358285000.0,19255147000,0.047,4022300000,4892222000,58008000,970253000,156928000,22223566000,1.516,1050182000,0.057999999999999996,0.8190000000000001,3392950000,1037237000,224600000,440959000,1721000.0,391023000,634362000,398247000,628192000,1495304000,163633000,228605000
2013,Dostawa wody; gospodarowanie ściekami i odpadami oraz działalność związana z rekultywacją,603,25417471000,2762871000,2452816000,1480384000,2504302000,0.88,2817678000,9385443000,8385365000,0.086,23055751000,2445271000,2757726000,132653000,0.9009999999999999,318000000,558304000,19437103000,318000000,0.821,44738000,2505457000.0,20238073000,0.051,4827110000,5484138000,73169000,2054612000,258569000,22912014000,1.5419999999999998,2186302000,0.099,0.823,3628114000,1173377000,286564000,471336000,-1155000.0,401069000,732605000,307108000,671763000,1612736000,266514000,258456000
2014,Dostawa wody; gospodarowanie ściekami i odpadami oraz działalność związana z rekultywacją,603,25073304000,1847162000,1495074000,1523108000,1665133000,0.845,2604868000,9753780000,8483119000,0.052000000000000005,23670559000,2213998000,2741862000,128251000,0.934,352371000,520978000,20256707000,352371000,0.851,54087000,1666968000.0,21065691000,0.051,5013315000,5932520000,78744000,1112286000,182029000,23406336000,1.479,1312762000,0.066,0.8470000000000001,3760777000,1199854000,374547000,414653000,-1835000.0,400810000,757021000,290459000,699617000,1633723000,182312000,280071000
2015,Dostawa wody; gospodarowanie ściekami i odpadami oraz działalność związana z rekultywacją,626,26021872000,2099581000,1731118000,1449935000,1964990000,0.8540000000000001,2539199000,9089526000,9548627000,0.061,24461664000,2177392000,2699250000,129560000,0.924,368548000,590686000,20904816000,368548000,0.8690000000000001,51679000,1965801000.0,21922465000,0.055999999999999994,4375318000,5122347000,81405000,1292054000,134591000,24056071000,1.5930000000000002,1596442000,0.076,0.863,3787049000,1379456000,456673000,383177000,-811000.0,344958000,718891000,268154000,649603000,1537960000,134676000,277556000
2016,Dostawa wody; gospodarowanie ściekami i odpadami oraz działalność związana z rekultywacją,653,26763473000,2208296000,1791937000,1494091000,2064873000,1.0170000000000001,2142715000,10130888000,8954220000,0.062000000000000006,25269208000,1726177000,2935816000,104786000,0.923,418393000,485971000,22095947000,418393000,0.892,64920000,,23126493000,0.057,5496642000,5403858000,70015000,1271679000,143423000,24698600000,1.695,1646480000,0.077,0.8470000000000001,3663203000,1447084000,553112000,390505000,,430601000,752781000,222586000,675830000,1762038000,145457000,295213000
2017,Dostawa wody; gospodarowanie ściekami i odpadami oraz działalność związana z rekultywacją,670,28147743000,2106565000,1732598000,1669020000,1907329000,0.993,2458365000,10749184000,8664668000,0.054000000000000006,26504855000,1997880000,3101623000,114480000,0.932,376731000,630587000,23220867000,376731000,0.915,70881000,,24046490000,0.049,5774793000,5817117000,94059000,1418001000,199236000,26240414000,1.67,1530598000,0.068,0.821,3938867000,1286108000,585985000,391080000,,411297000,752029000,224887000,709738000,1951528000,202000000,325786000
2018,Dostawa wody; gospodarowanie ściekami i odpadami oraz działalność związana z rekultywacją,682,30005352000,2023258000,1650446000,1784658000,1688046000,0.881,2639791000,11198026000,8381170000,0.044000000000000004,28375834000,2155448000,3295425000,133472000,0.9440000000000001,373033000,557386000,25217881000,373033000,0.8470000000000001,65789000,,25736043000,0.035,5787298000,6568107000,94174000,1404663000,335212000,28317306000,1.536,1315013000,0.055999999999999994,0.799,4298105000,1002505000,639958000,386591000,,438787000,841181000,224855000,755529000,2181765000,335433000,357094000
2019,Dostawa wody; gospodarowanie ściekami i odpadami oraz działalność związana z rekultywacją,686,32779186000,2263320000,1889090000,1662019000,2108620000,0.8190000000000001,2440700000,12477531000,8198476000,0.053,31107014000,1917972000,3617607000,175816000,0.9359999999999999,380108000,580055000,27796604000,380108000,0.8320000000000001,67847000,,28666314000,0.045,5858324000,7155238000,106425000,1384959000,154700000,30670566000,1.574,1728512000,0.064,0.8079999999999999,5401392000,1392438000,683141000,375935000,,471808000,968094000,287213000,839210000,2347136000,160578000,378605000
2020,Dostawa wody; gospodarowanie ściekami i odpadami oraz działalność związana z rekultywacją,685,36664426000,3289880000,2778286000,1782322000,3111667000,0.8640000000000001,2168912000,13906986000,8182317000,0.071,34600531000,1700644000,4075448000,167744000,0.915,522680000,899776000,30589666000,522680000,0.833,52825000,,32431619000,0.067,6437570000,7447222000,87817000,1825162000,178213000,33552759000,1.7,2588987000,0.085,0.8009999999999999,6221536000,2310221000,766810000,362673000,,488596000,1148306000,238733000,818154000,2338193000,189299000,429726000
2011,"Działalność profesjonalna, naukowa i techniczna",515,35066628000,3401702000,3020226000,1109620000,2771811000,0.685,2897623000,16237606000,6605749000,0.068,31436827000,2374348000,6234931000,97003000,0.9209999999999999,378909000,1100302000,27554081000,378909000,0.902,287372000,2771578000.0,28539204000,0.048,6035707000,8809485000,9248000,1407693000,629891000,32295050000,1.6630000000000003,2392902000,0.079,0.79,8617774000,1508398000,86687000,1266319000,233000.0,167784000,738374000,2222108000,584571000,3706091000,627324000,999554000
2012,"Działalność profesjonalna, naukowa i techniczna",552,37959000000,3602685000,3260040000,2097554000,1548158000,0.53,4300686000,16828115000,7395315000,0.032,33741959000,3530769000,6740357000,199511000,0.9590000000000001,339387000,2178185000,29120969000,339387000,0.876,239769000,1548193000.0,29441273000,0.032,5839434000,11025394000,17262000,2640899000,2054527000,36410807000,1.371,1208771000,0.040999999999999995,0.774,9279688000,1090221000,82600000,1580884000,-35000.0,183352000,859139000,1576142000,663691000,4770004000,2051269000,1045302000
2013,"Działalność profesjonalna, naukowa i techniczna",548,40005200000,3739218000,3366500000,2539634000,3250116000,0.624,5168683000,18457776000,8836883000,0.07200000000000001,35734486000,4284408000,7111309000,278983000,0.919,365263000,1450773000,29875174000,365263000,0.823,262786000,3247975000.0,30565803000,0.044000000000000004,7627409000,12214447000,19744000,2748019000,489102000,36757225000,1.361,2884853000,0.081,0.79,8999598000,1574904000,144394000,1146870000,2141000.0,123723000,942774000,1522695000,738550000,4855701000,481647000,1092219000
2014,"Działalność profesjonalna, naukowa i techniczna",559,42814198000,4531688000,4145599000,1602130000,3855560000,0.81,5690202000,19528056000,10838841000,0.081,38768421000,4549371000,7582036000,265242000,0.91,403867000,1059143000,32203322000,403867000,0.7809999999999999,236368000,3855556000.0,33078219000,0.052000000000000005,8020137000,9900672000,20548000,2478797000,676128000,38958642000,1.756,3451693000,0.09,0.798,9367638000,2015728000,151359000,1146806000,4000.0,139151000,811514000,1566980000,746409000,4818787000,693906000,1393872000
2015,"Działalność profesjonalna, naukowa i techniczna",575,44958444000,3614276000,3231795000,1464806000,2902369000,0.721,6287317000,19988765000,9497196000,0.055999999999999994,40895318000,4854610000,8580170000,217448000,0.935,403303000,1719974000,33735609000,403303000,0.725,243626000,2902388000.0,34608001000,0.055999999999999994,7900305000,10951461000,23176000,1855705000,711907000,42056056000,1.672,2499066000,0.065,0.79,10411935000,2305099000,137148000,1745863000,-19000.0,125907000,896306000,2207421000,659763000,5211978000,732729000,1016762000
2016,"Działalność profesjonalna, naukowa i techniczna",598,47262420000,4321311000,3866850000,3159475000,3341550000,0.5770000000000001,6414756000,21225106000,7946075000,0.06,43545713000,4929927000,8776412000,264887000,0.929,501269000,917552000,36365664000,501269000,0.8170000000000001,309107000,,37130957000,0.052000000000000005,7782210000,13479893000,18479000,1674156000,979761000,43920870000,1.4140000000000001,2840281000,0.071,0.7690000000000001,11278560000,2250122000,192104000,1707727000,,177161000,1020153000,2042551000,845322000,5940675000,1026569000,1319014000
2017,"Działalność profesjonalna, naukowa i techniczna",644,45778259000,4846492000,4295943000,2055553000,4398306000,0.65,1286663000,22540920000,4578112000,0.084,41757276000,1145688000,9610015000,454544000,0.904,550453000,876312000,38275436000,550453000,0.855,263954000,,40470613000,0.055999999999999994,7732494000,11898521000,41243000,1590501000,448186000,41379953000,1.692,3847853000,0.096,0.783,12397135000,2336152000,164847000,1082517000,,198464000,1063609000,2430482000,1013889000,6169243000,448090000,1397402000
2018,"Działalność profesjonalna, naukowa i techniczna",650,49996912000,3839296000,3419750000,2308173000,2221798000,0.7690000000000001,1222570000,24365082000,8525707000,0.036000000000000004,47121189000,1071992000,10330356000,123252000,0.956,417164000,1237851000,44023097000,417164000,0.747,244272000,,45898619000,0.043,9500125000,12361038000,20524000,1411117000,1617498000,47775114000,1.767,1804634000,0.044000000000000004,0.8059999999999999,12346729000,2026100000,128418000,1442174000,,176419000,1149560000,1464606000,644666000,5815679000,1615116000,1873562000
2019,"Działalność profesjonalna, naukowa i techniczna",678,55387283000,5685833000,5179298000,3341964000,4241299000,0.633,2991983000,26982233000,11283002000,0.067,51318690000,2720382000,11225495000,327748000,0.923,552899000,966333000,45778501000,552899000,0.8029999999999999,339094000,,48326707000,0.055,9898693000,15634198000,29130000,1598199000,1444534000,51145984000,1.5250000000000001,3688400000,0.077,0.8009999999999999,13942317000,2819807000,199124000,1680768000,,248105000,1355896000,2470394000,1155306000,7459046000,1490898000,1985917000
2020,"Działalność profesjonalna, naukowa i techniczna",712,57940075000,6411000000,5845637000,4522222000,4514257000,0.845,3064376000,32811893000,74513846000,0.069,53409740000,2697530000,11633110000,270841000,0.922,495661000,1014280000,47536476000,495661000,0.812,237471000,,50345364000,0.059000000000000004,14317702000,16935206000,19504000,1792028000,1896743000,53425818000,1.766,4018596000,0.078,0.794,15593035000,3175734000,224320000,2177532000,,297899000,1450749000,2738307000,907246000,7121350000,1827041000,1993910000
2011,"Działalność związana z kulturą, rozrywką i rekreacją",54,12136774000,350580000,279690000,130286000,163830000,1.272,732969000,1244164000,792273000,0.008,11834521000,939903000,69207000,8639000,0.9870000000000001,70592000,115554000,10765479000,70592000,0.774,2173000,163832000.0,11101552000,0.011000000000000001,937425000,736848000,192000,219745000,186750000,11972942000,1.595,93238000,0.013000000000000001,0.444,237771000,129139000,100031000,152006000,-2000.0,20986000,133000000,82508000,32402000,252385000,186452000,36566000
2012,"Działalność związana z kulturą, rozrywką i rekreacją",52,11534945000,570983000,467751000,183401000,473140000,1.3940000000000001,470003000,1373275000,739335000,0.032,11073394000,760052000,85895000,10751000,0.9590000000000001,103331000,135880000,10102450000,103331000,0.8390000000000001,2979000,473172000.0,10603391000,0.019,990403000,710626000,192000,341577000,97843000,11061773000,1.841,369809000,0.040999999999999995,0.519,317557000,210892000,114600000,63391000,-32000.0,23983000,127312000,119974000,39098000,204952000,97942000,26217000
2013,"Działalność związana z kulturą, rozrywką i rekreacją",54,11050975000,512560000,426925000,221390000,363570000,1.2770000000000001,346610000,1301495000,1021537000,0.025,10626031000,953144000,57349000,6070000,0.9670000000000001,84960000,73378000,9571613000,84960000,0.89,707000,363569000.0,10279421000,0.01,1030997000,807432000,170000,299673000,148990000,10687406000,1.537,278610000,0.033,0.48100000000000004,209823000,101274000,116972000,89271000,1000.0,26509000,191023000,125271000,33630000,212163000,148315000,27045000
2014,"Działalność związana z kulturą, rozrywką i rekreacją",54,10082890000,369143000,304228000,146742000,214086000,1.499,166407000,1236949000,1279426000,0.015,9683904000,822855000,59893000,10030000,0.9790000000000001,65880000,95141000,8862619000,65880000,0.881,1582000,214090000.0,9517497000,0.0,966749000,644909000,192000,321695000,155057000,9868800000,1.8090000000000002,148206000,0.021,0.5,199899000,-1570000,125236000,88185000,-4000.0,32324000,172002000,77291000,44886000,190917000,156022000,25415000
2015,"Działalność związana z kulturą, rozrywką i rekreacją",51,10621900000,468712000,397302000,143778000,308419000,1.73,134522000,1420188000,1517340000,0.022000000000000002,10270917000,792574000,42086000,9352000,0.971,71685000,81146000,9306393000,71685000,0.918,1202000,308381000.0,10136395000,0.017,1154796000,667624000,192000,295598000,160293000,10313519000,2.0100000000000002,236734000,0.028999999999999998,0.549,187244000,171950000,112641000,133406000,38000.0,33733000,168606000,55385000,44717000,175358000,160568000,33431000
2016,"Działalność związana z kulturą, rozrywką i rekreacją",50,11669460000,618077000,502267000,152674000,450729000,1.577,181303000,1629313000,1780636000,0.028999999999999998,11339870000,1070344000,66740000,12393000,0.961,114995000,100613000,9932245000,114995000,0.922,2173000,,11158567000,0.03,1293387000,819978000,192000,271659000,167348000,11218731000,1.8800000000000001,335734000,0.039,0.48,248579000,337281000,111626000,115529000,,32255000,194034000,57931000,47910000,221322000,166533000,39437000
2017,"Działalność związana z kulturą, rozrywką i rekreacją",60,14254900000,792530000,655140000,88426000,552052000,1.907,226974000,2078387000,1660452000,0.028999999999999998,13853087000,2120570000,82552000,13568000,0.961,141297000,91148000,11396412000,141297000,0.909,1046000,,13626113000,0.024,1712030000,897759000,710000,306973000,240478000,13702848000,2.221,410755000,0.039,0.41700000000000004,281716000,336105000,111865000,94718000,,33269000,238661000,94840000,48927000,232538000,244385000,35714000
2018,"Działalność związana z kulturą, rozrywką i rekreacją",54,15552564000,748653000,601946000,145706000,559927000,1.5990000000000002,232724000,2252814000,1226066000,0.027000000000000003,15255716000,3226781000,76827000,14805000,0.9640000000000001,147131000,92368000,11611460000,147131000,0.923,17286000,,15022992000,0.027000000000000003,1872315000,1171102000,76000,254840000,188726000,14992637000,1.828,412796000,0.036000000000000004,0.444,268924000,417475000,92569000,62028000,,40512000,299629000,42008000,74080000,335628000,189150000,37495000
2019,"Działalność związana z kulturą, rozrywką i rekreacją",60,23277822000,782436000,627055000,268813000,586217000,1.575,324211000,2358664000,1569901000,0.019,22965427000,4141342000,89754000,14110000,0.975,151471000,84011000,18392912000,151471000,0.9390000000000001,690000,,22641216000,0.019,1977438000,1255881000,3264000,267817000,196219000,22691605000,1.781,434746000,0.025,0.467,259076000,431173000,87722000,73340000,,51064000,322755000,44578000,71081000,330358000,192309000,51069000
2020,"Działalność związana z kulturą, rozrywką i rekreacją",65,26734809000,550320000,447571000,666134000,54708000,1.131,138219000,2397985000,2157612000,-0.002,26344845000,4122382000,102454000,13783000,0.998,96927000,148656000,22278894000,96927000,0.9329999999999999,851000,,26206626000,-0.002,1937286000,1713529000,523000,308315000,495612000,26680101000,1.318,-42219000,0.002,0.277,320991000,-56431000,88442000,130169000,,68804000,347049000,81649000,84801000,315208000,489790000,54907000
2011,Transport i gospodarka magazynowa,912,88450539000,4173398000,3528423000,1983174000,2149201000,0.526,7427762000,25995317000,22292138000,0.017,83642083000,6527700000,9415128000,477022000,0.976,601346000,2346726000,75173503000,601346000,0.728,47605000,2153344000.0,76214321000,0.023,10844963000,20624616000,4295000,3543111000,2024197000,86297195000,1.131,1547855000,0.024,0.672,12491040000,1940880000,1437007000,2249266000,-4143000.0,1024496000,1885428000,1265345000,1625700000,8901819000,1980568000,1033614000
2012,Transport i gospodarka magazynowa,955,95160446000,4308116000,3587204000,3179501000,2362515000,0.547,6574017000,27987439000,23676382000,0.017,89683034000,5660567000,10117348000,429185000,0.975,774351000,2037564000,83447528000,774351000,0.691,29219000,2362129000.0,83109017000,0.006,12389715000,22633115000,3590000,4027501000,1945601000,92798317000,1.125,1588164000,0.025,0.675,13070062000,574939000,1639724000,1652658000,386000.0,996764000,1948726000,1449911000,1680576000,8853449000,1999040000,847086000
2013,Transport i gospodarka magazynowa,950,96172139000,4424213000,3730330000,3965751000,2889018000,0.551,5765605000,30555949000,27399382000,0.023,91473225000,4897397000,11047921000,412585000,0.97,695111000,1638470000,85258590000,695111000,0.794,38868000,2881241000.0,85707620000,0.013999999999999999,13886006000,25208997000,7260000,3865403000,1535195000,93290898000,1.1159999999999999,2193907000,0.03,0.747,14256596000,1317238000,1468227000,1496441000,7777000.0,1070412000,1952814000,833511000,1584864000,9378050000,1536423000,828483000
2014,Transport i gospodarka magazynowa,959,100722521000,4547685000,3730436000,3523209000,2985590000,0.611,5106547000,32940269000,33733458000,0.022000000000000002,95942148000,4377366000,10984363000,532428000,0.97,804558000,2076504000,89453152000,804558000,0.7709999999999999,36167000,2985973000.0,90835601000,0.022000000000000002,15222235000,24920007000,4390000,4050147000,1562095000,97736548000,1.209,2181032000,0.03,0.7909999999999999,14909211000,2111630000,1604977000,1829526000,-383000.0,1173731000,1674724000,730226000,1842920000,9164728000,1549404000,965903000
2015,Transport i gospodarka magazynowa,1006,105669566000,5775198000,4796518000,3359847000,4544905000,0.629,5483549000,35452392000,36931841000,0.034,100913683000,4753235000,11621549000,548249000,0.9570000000000001,982604000,1888158000,92837044000,982604000,0.8029999999999999,34390000,4545453000.0,95430134000,0.033,15705368000,24950578000,6425000,3909943000,1230293000,101124113000,1.31,3562301000,0.043,0.8109999999999999,16973234000,3323404000,1038375000,1645676000,-548000.0,1171164000,1961722000,845940000,1817935000,8960636000,1234217000,955855000
2016,Transport i gospodarka magazynowa,1025,116723393000,6085299000,5331352000,3774095000,4952992000,0.777,9445864000,42733602000,37424344000,0.036000000000000004,111603196000,8618602000,14100479000,1486806000,0.958,754181000,2045943000,99264980000,754181000,0.7320000000000001,38600000,,102157332000,0.033,20880668000,26869506000,8402000,4256182000,1132307000,111770401000,1.443,4198811000,0.042,0.787,17878664000,3719614000,1650606000,1840876000,,1258677000,2102581000,864015000,2840846000,11701866000,1132541000,1133424000
2017,Transport i gospodarka magazynowa,1115,131976397000,7419633000,6199888000,4225752000,6303774000,0.753,11053189000,48057308000,36742913000,0.039,125158847000,10087740000,16056216000,1500433000,0.9520000000000001,1218194000,1993416000,111657172000,1218194000,0.7909999999999999,48531000,,114105658000,0.027000000000000003,23382083000,31047420000,12767000,5052349000,1115859000,125672623000,1.411,5085580000,0.048,0.737,20411834000,3413935000,2095876000,1934295000,,1339940000,2480820000,1765201000,2947554000,13643708000,1114308000,1315837000
2018,Transport i gospodarka magazynowa,1116,142994915000,6624927000,5506797000,4654697000,5468517000,0.696,11417335000,52802725000,37815932000,0.028999999999999998,136551378000,10249438000,18358813000,1401847000,0.9620000000000001,1266838000,3033884000,122372840000,1266838000,0.7290000000000001,65077000,,125134043000,0.028999999999999998,24490266000,35184168000,24221000,5302556000,1156410000,137526398000,1.368,4201679000,0.038,0.72,23634116000,3929100000,2185134000,1870236000,,1577658000,2456677000,1140981000,3132317000,14635898000,1305118000,1546026000
2019,Transport i gospodarka magazynowa,1136,155900767000,7112854000,5887784000,4557921000,5850725000,0.698,12122660000,55781309000,40059558000,0.03,149362446000,10897398000,19277064000,1442272000,0.9620000000000001,1234195000,2658831000,134921675000,1234195000,0.7540000000000001,64058000,,137239786000,0.024,25675007000,36781041000,22072000,5425224000,1262129000,150050042000,1.3800000000000001,4616530000,0.038,0.763,25098382000,3543373000,2358171000,1572138000,,1764368000,2592029000,1113097000,3379407000,15933992000,1271254000,1628513000
2020,Transport i gospodarka magazynowa,1149,151228385000,6977576000,5908514000,4030739000,3187919000,0.835,10863072000,61147799000,47276157000,0.015,143349131000,9742574000,19122998000,1363473000,0.9790000000000001,965681000,2930918000,132410781000,965681000,0.725,108157000,,132486059000,0.008,30795153000,36881000000,13154000,6855675000,3789657000,148040466000,1.524,2222238000,0.021,0.777,25424753000,1195776000,3470237000,2956193000,,1762102000,2855338000,1023579000,3335639000,16808148000,3686276000,1592254000
2011,Działalność związana z zakwaterowaniem i usługami gastronomicznymi,293,9438996000,862461000,750350000,396407000,510366000,0.625,2183247000,2239432000,5042718000,0.044000000000000004,8686562000,610853000,504116000,62870000,0.9470000000000001,95511000,136182000,7513066000,95511000,0.6940000000000001,7289000,500186000.0,6503315000,0.065,1182321000,1890363000,2917000,460752000,352095000,8938810000,1.045,414855000,0.054000000000000006,0.669,793171000,562643000,17006000,678709000,10180000.0,76743000,182027000,291682000,153110000,686337000,335495000,110830000
2012,Działalność związana z zakwaterowaniem i usługami gastronomicznymi,297,9761300000,1065245000,938407000,835631000,807784000,0.526,1208795000,2079984000,5196576000,0.07200000000000001,8850620000,568616000,419458000,45259000,0.917,105514000,265952000,7759831000,105514000,0.8109999999999999,12831000,807584000.0,7641825000,0.059000000000000004,1127770000,2144716000,1249000,420399000,257461000,8953716000,0.8640000000000001,702270000,0.083,0.7000000000000001,724529000,522173000,17150000,359317000,200000.0,70149000,269241000,490281000,131335000,718045000,236137000,96350000
2013,Działalność związana z zakwaterowaniem i usługami gastronomicznymi,301,9714978000,777516000,686067000,589936000,472239000,0.6409999999999999,974462000,2470506000,5768403000,0.04,9144104000,464029000,491278000,62885000,0.951,80599000,179612000,8190933000,80599000,0.8,53636000,472288000.0,8169642000,0.053,1137168000,1774310000,1373000,316591000,305277000,9242690000,1.11,391640000,0.049,0.6940000000000001,833128000,489142000,21195000,408116000,-49000.0,217619000,169314000,254283000,337651000,688288000,294427000,162559000
2014,Działalność związana z zakwaterowaniem i usługami gastronomicznymi,292,10322363000,714224000,633942000,941323000,490513000,0.634,1102216000,2376868000,6134204000,0.04,9910896000,588964000,472054000,50987000,0.953,78387000,160461000,8687277000,78387000,0.8200000000000001,14604000,480841000.0,8808680000,0.064,1356864000,2138922000,1364000,244743000,223711000,9841522000,0.993,412126000,0.048,0.753,767133000,634655000,22470000,404820000,9672000.0,78261000,196681000,166724000,155455000,671637000,221816000,97416000
2015,Działalność związana z zakwaterowaniem i usługami gastronomicznymi,292,11417334000,1131467000,1017027000,1033749000,927485000,0.56,1011785000,2354335000,6143246000,0.07,10385500000,471395000,484761000,50004000,0.919,123737000,508909000,9104923000,123737000,0.8440000000000001,11055000,927185000.0,9373715000,0.078,1312796000,2344534000,5258000,678457000,203982000,10490149000,0.8940000000000001,803748000,0.081,0.767,783101000,809182000,18578000,404922000,300000.0,74089000,218880000,353377000,162856000,703563000,213279000,95582000
2016,Działalność związana z zakwaterowaniem i usługami gastronomicznymi,303,12468018000,1146055000,1023131000,708226000,997941000,0.598,1349637000,2423685000,6072050000,0.07,11871943000,731181000,540588000,54542000,0.92,119030000,200131000,10148624000,119030000,0.888,8481000,,10522306000,0.084,1272729000,2126650000,3733000,355546000,148114000,11470077000,1.0190000000000001,878911000,0.08,0.805,893442000,992138000,23811000,390141000,,97861000,231482000,240529000,179665000,770770000,144220000,77849000
2017,Działalność związana z zakwaterowaniem i usługami gastronomicznymi,323,14033879000,1493432000,1304047000,648256000,1330297000,0.675,1424535000,3171149000,6305809000,0.081,13178295000,798294000,686743000,56745000,0.905,190861000,199783000,11419695000,190861000,0.8740000000000001,54610000,,11753760000,0.073,1500103000,2223884000,49931000,573615000,163135000,12703582000,1.217,1139436000,0.095,0.802,1207244000,960306000,21759000,285810000,,184486000,216800000,281969000,363458000,904460000,164611000,100344000
2018,Działalność związana z zakwaterowaniem i usługami gastronomicznymi,319,14947803000,1280792000,1141049000,581932000,1092419000,0.823,1429275000,3509916000,5689713000,0.064,14410617000,841049000,784944000,69426000,0.927,139972000,225846000,12467871000,139972000,0.868,10696000,,12981342000,0.076,1963197000,2385321000,8805000,421465000,188373000,13855384000,1.3419999999999999,952447000,0.073,0.799,1237434000,1101697000,20469000,320618000,,110574000,274724000,115721000,214073000,990483000,188602000,95212000
2019,Działalność związana z zakwaterowaniem i usługami gastronomicznymi,327,16676359000,1699448000,1491898000,655489000,1538490000,1.208,1603900000,5298168000,6342936000,0.08,16080556000,1014354000,785361000,82893000,0.908,208296000,189288000,13643227000,208296000,0.881,18886000,,14476656000,0.08800000000000001,3637223000,3009897000,6939000,322365000,160958000,15137869000,1.651,1330194000,0.092,0.8320000000000001,1331613000,1422975000,21810000,291000000,,118226000,396429000,273438000,236493000,1052127000,161704000,92839000
2020,Działalność związana z zakwaterowaniem i usługami gastronomicznymi,329,11952958000,592237000,517994000,884396000,-918283000,0.866,1046328000,4146732000,6486307000,-0.077,11333333000,700564000,582497000,104155000,1.077,462000,283430000,11378014000,462000,0.564,20733000,,10287005000,-0.066,2783032000,3214973000,7199000,513273000,1510520000,12871241000,1.1820000000000002,-918745000,-0.077,0.459,1018133000,-745245000,138878000,509233000,,109919000,280938000,106352000,250144000,1011710000,1436739000,95423000
2011,Informacja i komunikacja,419,86905821000,11020785000,9952967000,3320818000,9171838000,0.64,4904260000,30219628000,33345975000,0.094,77574320000,7741687000,11301571000,1045704000,0.8940000000000001,990554000,2701103000,61867413000,990554000,0.8540000000000001,550369000,9171764000.0,72670060000,0.10300000000000001,12997127000,20296444000,607398000,3762348000,1848947000,77734057000,1.286,8181284000,0.106,0.78,13108423000,7965220000,148979000,5423854000,74000.0,327903000,1445946000,5569153000,2635388000,10165413000,1771683000,1478690000
2012,Informacja i komunikacja,456,90107191000,9555173000,8891320000,5053346000,7818824000,0.562,5407171000,29843836000,28695472000,0.08,80358019000,7839811000,12399028000,1004696000,0.913,565755000,4628236000,65470359000,565755000,0.8470000000000001,389105000,7820091000.0,74950848000,0.08800000000000001,11503235000,20471285000,591687000,5027200000,1736349000,82287100000,1.2670000000000001,7253069000,0.087,0.779,14441339000,7047849000,158779000,4348694000,-1267000.0,357867000,1464718000,4721972000,2439224000,9670463000,1638251000,1460038000
2013,Informacja i komunikacja,466,86223524000,8410869000,7768596000,3926720000,6527824000,0.414,6835123000,28709855000,36085272000,0.073,79098522000,9054128000,12285227000,888156000,0.924,209892000,2138681000,63058344000,209892000,0.768,420410000,6527903000.0,72263399000,0.08800000000000001,9995567000,24129619000,665833000,3601013000,1883045000,79695621000,1.022,6317932000,0.076,0.805,14661809000,6986050000,173838000,5444468000,-79000.0,303964000,1977192000,3523989000,2407993000,8650836000,1450664000,1644486000
2014,Informacja i komunikacja,481,83668997000,7299839000,6364413000,4623990000,5563918000,0.628,6479690000,30077027000,42895620000,0.057999999999999996,78686273000,8004195000,12643719000,893033000,0.934,751556000,2073101000,62759634000,751556000,0.8170000000000001,349963000,5558790000.0,72206583000,0.10099999999999999,11521017000,18350454000,561796000,2468721000,1735921000,78110207000,1.4480000000000002,4812362000,0.066,0.79,15050311000,7922444000,169522000,5273277000,5128000.0,282770000,1512691000,2514003000,2306344000,8540650000,1552051000,1199355000
2015,Informacja i komunikacja,492,89885709000,8203946000,7109091000,5298942000,6621478000,0.517,7747862000,34143204000,38140817000,0.064,85669221000,9033720000,14800616000,908867000,0.9259999999999999,913417000,1762626000,67492495000,913417000,0.8009999999999999,358524000,6621254000.0,77921359000,0.107,13523037000,26151372000,484546000,2178103000,1582468000,83264455000,1.16,5708061000,0.07400000000000001,0.835,16807328000,9143006000,148265000,4975614000,224000.0,292094000,1873979000,2038385000,2456562000,10242567000,1401030000,1356277000
2016,Informacja i komunikacja,517,94604462000,8803365000,7687394000,3764275000,5783645000,0.563,8852127000,32793657000,48739784000,0.049,89784543000,9460351000,15815356000,826271000,0.9390000000000001,1116001000,3668772000,71575921000,1116001000,0.758,441845000,,80932416000,0.09699999999999999,10802367000,19171639000,459229000,2343998000,3019720000,88820817000,1.526,4667644000,0.061,0.783,18451549000,8748271000,108402000,4115773000,,259874000,1720561000,2475921000,2189426000,9866583000,3019750000,1350315000
2017,Informacja i komunikacja,556,100823471000,9274018000,8134272000,5701738000,7826346000,0.44,9282550000,35420090000,46135936000,0.067,95743386000,8980787000,18007591000,958746000,0.922,1071161000,1729206000,78240958000,1071161000,0.784,591609000,,86460836000,0.08900000000000001,11088486000,25185451000,657216000,1834358000,1447672000,92997125000,1.248,6755185000,0.078,0.79,20341317000,8521641000,122531000,4046174000,,269533000,1763736000,3245727000,2498191000,12178686000,1379087000,1492096000
2018,Informacja i komunikacja,576,103816833000,8680500000,7184515000,6247604000,5876186000,0.46799999999999997,10370644000,40720117000,39057576000,0.040999999999999995,99251756000,9125324000,20780003000,1018706000,0.943,1627509000,4764205000,80677186000,1627509000,0.8200000000000001,748698000,,88881112000,0.095,11726061000,25068946000,863134000,2733037000,2804314000,97940647000,1.401,4248677000,0.057,0.8250000000000001,23402218000,9449246000,160295000,3373932000,,382778000,1988309000,1832040000,3054580000,10715128000,2935838000,2537258000
2019,Informacja i komunikacja,612,110062851000,10906199000,8806651000,5018037000,10419386000,0.459,11412258000,42899530000,43047523000,0.075,105667553000,10349838000,22247135000,976260000,0.905,2153358000,2642443000,83879348000,2153358000,0.932,799114000,,94255295000,0.10800000000000001,12193689000,26543941000,877484000,2343194000,486813000,99643465000,1.3980000000000001,8266028000,0.095,0.853,24903938000,11438367000,101192000,2771836000,,343263000,2240800000,2052104000,3041682000,11652643000,540623000,2760221000
2020,Informacja i komunikacja,639,115112677000,13961445000,11750274000,6827621000,12751335000,0.5970000000000001,9470178000,48709708000,40143928000,0.091,110563392000,8689872000,21672248000,872351000,0.8890000000000001,2263058000,2558296000,87974865000,2263058000,0.925,871681000,,101093214000,0.126,17471507000,29268303000,943674000,2256644000,1210110000,102361342000,1.472,10488277000,0.111,0.85,25603678000,13898655000,166608000,3138309000,,364161000,2693137000,2292641000,3137706000,11868209000,1261997000,2496817000
2011,Górnictwo i wydobywanie,141,64588680000,18825324000,15368586000,911781000,18721342000,1.422,1041801000,31152305000,3133359000,0.23600000000000002,56989266000,811503000,4923216000,63945000,0.71,3448803000,2282074000,41537402000,3448803000,0.98,1674251000,18698515000.0,55947465000,0.257,19322540000,13590872000,1476124000,1806315000,103982000,45890165000,1.876,15272539000,0.29,0.922,6167960000,14640361000,298236000,1259186000,22827000.0,706043000,3863772000,5793099000,3951908000,4642444000,96047000,1709897000
2012,Górnictwo i wydobywanie,143,60015974000,9131951000,7001698000,2571439000,8483349000,0.326,2919691000,18521075000,3809985000,0.107,56476796000,2631128000,4845895000,74458000,0.8590000000000001,2051358000,1839196000,44015392000,2051358000,0.938,1959284000,8453892000.0,53557105000,0.174,4904399000,15039671000,2939838000,1561810000,648602000,51562082000,0.737,6431991000,0.141,0.6920000000000001,6185386000,9830276000,310318000,3076366000,29457000.0,960282000,3089708000,1977368000,5944805000,4959864000,569707000,1486485000
2013,Górnictwo i wydobywanie,149,58124988000,5660411000,4048933000,2832901000,5172008000,0.271,4256740000,18278262000,5025734000,0.062000000000000006,54279960000,3892107000,5377454000,140442000,0.9109999999999999,1565495000,1515649000,45896438000,1565495000,0.932,1662712000,5154899000.0,50023220000,0.083,4526718000,16700838000,2136684000,2941098000,488403000,52970089000,0.691,3606513000,0.08900000000000001,0.691,7011438000,4491415000,297224000,1665895000,17109000.0,1023587000,2846519000,903930000,5016217000,5911684000,442420000,1723889000
2014,Górnictwo i wydobywanie,146,54500060000,4288565000,3137716000,2441006000,1773530000,0.162,4187358000,15139851000,7031015000,0.015,49076537000,3838748000,5280135000,177473000,0.9670000000000001,974652000,2924922000,43583774000,974652000,0.502,1645300000,1777263000.0,44889179000,0.034,2946319000,18237799000,2187894000,4549228000,2515035000,52722797000,0.529,798878000,0.033,0.726,6709472000,1654015000,314422000,2375353000,-3733000.0,922801000,2823112000,874295000,4961839000,6353070000,2338838000,522221000
2015,Górnictwo i wydobywanie,143,51538007000,2824973000,1796188000,3309743000,-480299000,0.156,4170846000,13959762000,9520242000,-0.031000000000000003,47300805000,3859767000,4081913000,189785000,1.008,1106227000,3003910000,41794289000,1106227000,0.533,1689302000,-397034000.0,43129959000,0.035,2968572000,18996557000,1696506000,3308287000,3305272000,51935041000,0.469,-1586526000,-0.009000000000000001,0.7340000000000001,5941353000,1646749000,740220000,3277075000,-83265000.0,975248000,2568253000,928915000,4562879000,5916248000,3382714000,486958000
2016,Górnictwo i wydobywanie,136,48740332000,3829684000,2898842000,2662009000,2293252000,0.271,3674055000,14200386000,13503182000,0.027999999999999997,44091441000,3325921000,3992521000,528341000,0.953,911112000,3272803000,38436450000,911112000,0.756,1872013000,,40417386000,0.053,4104366000,15121827000,1173644000,3697361000,1536432000,46447080000,0.609,1382140000,0.047,0.735,5109877000,2329070000,1023215000,1411906000,,820347000,2562576000,951530000,4400112000,5646303000,1516702000,586031000
2017,Górnictwo i wydobywanie,131,60126147000,8455639000,6653313000,1730339000,7843929000,0.433,5155729000,18930545000,11951120000,0.10099999999999999,49500764000,4807328000,4536289000,266381000,0.87,1794400000,7075337000,38392766000,1794400000,0.9359999999999999,2995841000,,44345035000,0.127,6006885000,13875894000,1019554000,8868939000,611710000,52282218000,0.934,6049529000,0.13,0.794,6948296000,6300670000,2647434000,2006787000,,909140000,2128660000,1756444000,5207182000,6139674000,603784000,768182000
2018,Górnictwo i wydobywanie,132,57348817000,6434286000,5052691000,2548018000,5039217000,0.47200000000000003,5786622000,19085564000,11282987000,0.066,51809976000,5312229000,4097845000,329138000,0.912,1249174000,2488980000,42132605000,1249174000,0.917,3175969000,,46023354000,0.084,7448279000,15794844000,1342606000,2948340000,1395069000,52309600000,0.81,3790043000,0.08800000000000001,0.848,5350191000,4365142000,1405137000,2375786000,,897835000,2213942000,2590501000,5761087000,6778024000,1262648000,526007000
2019,Górnictwo i wydobywanie,132,54559402000,4260284000,3239904000,2072682000,2395589000,0.35100000000000003,4813126000,17069643000,14261116000,0.026000000000000002,51574776000,4445208000,3252888000,278124000,0.956,970838000,2141632000,43930735000,970838000,0.932,2731078000,,46761650000,0.062000000000000006,5472891000,15570484000,2234449000,1584550000,1864695000,52163813000,0.674,1424751000,0.044000000000000004,0.8640000000000001,5016546000,3198833000,633565000,1646238000,,974697000,2035243000,1400076000,6237912000,6679044000,1815153000,342294000
2020,Górnictwo i wydobywanie,127,51346360000,3562378000,2438002000,2658520000,-2409296000,0.37200000000000005,4212629000,18409560000,14325890000,-0.055,47822487000,3830104000,3459406000,190773000,1.0470000000000002,406593000,4612682000,43262418000,406593000,0.549,2348377000,,43609858000,0.015,7396775000,19872647000,2249134000,2654047000,5971674000,53755656000,0.6020000000000001,-2815889000,-0.047,0.693,4564358000,729965000,1000910000,2050452000,,1295450000,3056052000,869826000,6104885000,7231937000,5253891000,343542000
2011,Działalność w zakresie usług administrowania i działalność wspierająca,715,29293656000,1814170000,1474313000,2959054000,1571391000,0.332,1890269000,12760484000,9659219000,0.042,27181314000,1631030000,4663202000,439824000,0.946,344895000,598126000,24469372000,344895000,0.8250000000000001,43583000,1571302000.0,25291045000,0.04,3370737000,10146245000,39674000,1664581000,242779000,27722354000,1.1420000000000001,1226496000,0.054000000000000006,0.775,8217484000,1080912000,864455000,1023826000,89000.0,234382000,1113450000,447761000,825676000,2662320000,247817000,346587000
2012,Działalność w zakresie usług administrowania i działalność wspierająca,767,31049810000,1762114000,1362649000,4244585000,1517802000,0.33,1774072000,12537968000,8581449000,0.036000000000000004,28558617000,1506399000,4260605000,355362000,0.951,410508000,808884000,26184009000,410508000,0.826,57623000,1517761000.0,26784545000,0.03,3530115000,10703424000,35220000,2006149000,244312000,29532049000,1.065,1107294000,0.049,0.746,7869116000,868209000,1001504000,1032757000,41000.0,226339000,1334187000,485044000,687218000,2533357000,255355000,451519000
2013,Działalność w zakresie usług administrowania i działalność wspierająca,782,33509812000,1831868000,1497219000,7011226000,1531930000,0.303,1358409000,16856945000,7683688000,0.036000000000000004,30764213000,1286084000,4829788000,275690000,0.9540000000000001,326753000,807848000,28963108000,326753000,0.893,66572000,1531904000.0,29405804000,0.017,4051097000,13375796000,28789000,2159417000,299938000,31977908000,1.178,1205177000,0.046,0.79,11702836000,515021000,1123377000,920868000,26000.0,265432000,1240554000,586182000,648168000,2691349000,292042000,454844000
2014,Działalność w zakresie usług administrowania i działalność wspierająca,817,35673638000,2214190000,1930896000,5008110000,1811279000,0.373,1039198000,14736228000,12831425000,0.043,32823347000,804234000,4949614000,306890000,0.9490000000000001,283955000,666284000,31380374000,283955000,0.8890000000000001,51778000,1812725000.0,31784149000,0.019,4281746000,11489294000,33040000,1989980000,402911000,33860913000,1.176,1527324000,0.051,0.782,9231527000,638739000,982788000,1010021000,-1446000.0,221938000,1219831000,860311000,633944000,2525109000,403572000,589011000
2015,Działalność w zakresie usług administrowania i działalność wspierająca,878,40498441000,2168604000,1843893000,6813073000,1998097000,0.327,1227397000,17193396000,14278529000,0.040999999999999995,37560004000,1359256000,5684088000,439674000,0.951,328783000,905249000,35306268000,328783000,0.881,50048000,1997903000.0,36332607000,0.024,4718979000,14435089000,41650000,2182476000,170507000,38500538000,1.0690000000000002,1669314000,0.049,0.805,10719218000,894480000,981440000,929765000,194000.0,391835000,1365592000,755961000,975412000,2929208000,174579000,779787000
2016,Działalność w zakresie usług administrowania i działalność wspierająca,909,43369242000,2192223000,1845693000,9252549000,1893201000,0.395,1226577000,20623863000,21161700000,0.035,40358939000,1004737000,6389105000,505063000,0.956,354769000,862368000,38498070000,354769000,0.851,45066000,,39132362000,0.021,6731376000,17060319000,46136000,2228320000,299022000,41476041000,1.104,1538432000,0.044000000000000004,0.813,12095280000,856132000,1079543000,1110866000,,277975000,1465823000,781983000,891932000,3450153000,307261000,905275000
2017,Działalność w zakresie usług administrowania i działalność wspierająca,973,50208484000,2323875000,1955455000,12161346000,1998709000,0.42,1264568000,24367771000,25064887000,0.032,46861540000,1019783000,7988745000,712410000,0.96,391631000,1022020000,44652688000,391631000,0.8150000000000001,52998000,,45596972000,0.025,9397952000,22397430000,45120000,2421037000,325166000,48209775000,0.985,1607078000,0.04,0.789,12667072000,1189069000,1336482000,1515284000,,391221000,1844623000,925907000,1229489000,4070776000,348377000,1073258000
2018,Działalność w zakresie usług administrowania i działalność wspierająca,975,55838672000,2625381000,2185808000,8014152000,2229242000,0.544,2182749000,26519520000,28681182000,0.032,52896050000,2168596000,8802529000,631432000,0.96,463955000,842813000,49374994000,463955000,0.797,50368000,,50713301000,0.026000000000000002,10475859000,19247696000,70921000,2045555000,396139000,53609430000,1.272,1765287000,0.04,0.7959999999999999,14004299000,1352460000,1160949000,1223027000,,382347000,2143834000,897067000,1159609000,4928266000,420521000,879753000
2019,Działalność w zakresie usług administrowania i działalność wspierająca,979,60245545000,3313891000,2858415000,12485753000,2925300000,0.49200000000000005,2693760000,30739862000,38219208000,0.040999999999999995,56458726000,2598898000,11188775000,629240000,0.951,460657000,1769017000,51456121000,460657000,0.821,32394000,,53764966000,0.043,11633873000,23633597000,70041000,2618849000,388591000,57320245000,1.199,2464643000,0.049,0.798,16702276000,2403707000,1099562000,1496209000,,384173000,1874890000,1167970000,1143246000,4832517000,393772000,1260467000
2020,Działalność w zakresie usług administrowania i działalność wspierająca,984,54585550000,3512320000,2835742000,22450093000,2822160000,0.36100000000000004,2762459000,30121721000,27456480000,0.039,50426689000,2917922000,9139131000,659041000,0.948,694097000,1931748000,45384533000,694097000,0.865,32309000,,47664230000,0.042,12923063000,35767861000,34035000,3074131000,690160000,51763390000,0.777,2128063000,0.052000000000000005,0.7909999999999999,14861177000,2124234000,1215222000,1529187000,,353913000,2155125000,1084730000,1124675000,5243961000,707679000,1212806000
2011,Pozostała działalność usługowa,64,1841566000,163580000,134917000,26759000,156793000,0.6709999999999999,220153000,599337000,379243000,0.069,1768634000,198966000,229855000,20156000,0.915,29402000,10429000,1430422000,29402000,0.96,3579000,156803000.0,1548481000,0.079,216047000,322113000,2334000,35098000,6787000,1684763000,1.6,127391000,0.085,0.828,299435000,139246000,9214000,44946000,-10000.0,48467000,42385000,37834000,74939000,189574000,7526000,8916000
2012,Pozostała działalność usługowa,62,2327161000,172066000,137627000,103186000,155444000,0.461,426842000,781187000,337478000,0.052000000000000005,2261437000,398380000,244919000,21492000,0.9329999999999999,34556000,13788000,1720183000,34556000,0.899,2537000,155445000.0,1834595000,0.063,246532000,534961000,2031000,37385000,16622000,2171716000,1.121,120888000,0.067,0.742,353244000,142874000,11899000,39365000,-1000.0,142443000,58475000,28339000,169756000,311080000,16739000,11655000
2013,Pozostała działalność usługowa,62,3200631000,215845000,165417000,82961000,130528000,0.402,557905000,965659000,293527000,0.027000000000000003,3123422000,501486000,463644000,31462000,0.9590000000000001,44828000,80274000,2456063000,44828000,0.8190000000000001,6149000,130521000.0,2565517000,0.053,268805000,669458000,5049000,49300000,85317000,3070110000,1.166,85700000,0.040999999999999995,0.742,511503000,165873000,7856000,32287000,7000.0,120687000,62355000,27909000,170098000,441226000,79717000,15253000
2014,Pozostała działalność usługowa,57,3353830000,296569000,239229000,78944000,287429000,0.44200000000000006,447361000,963889000,343735000,0.069,3175044000,380407000,441470000,24654000,0.914,57021000,43544000,2615843000,57021000,0.953,6495000,287426000.0,2727683000,0.055999999999999994,243204000,550796000,4286000,148233000,9140000,3066404000,1.345,230408000,0.086,0.772,497620000,178794000,8059000,26610000,3000.0,79479000,71656000,30553000,125982000,291846000,8821000,97083000
2015,Pozostała działalność usługowa,61,3821887000,317563000,268557000,147362000,306595000,0.568,367727000,1154375000,401179000,0.067,3679017000,312548000,479634000,18423000,0.92,49900000,46586000,3119249000,49900000,0.9400000000000001,15127000,306590000.0,3311290000,0.067,402025000,707536000,3682000,90950000,10968000,3515297000,1.364,256695000,0.08,0.8029999999999999,562828000,247220000,11567000,36914000,5000.0,92983000,75886000,51920000,130692000,344347000,11862000,58830000
2016,Pozostała działalność usługowa,56,3567010000,303749000,251979000,128471000,284585000,0.555,491818000,1140292000,459428000,0.065,3442603000,406264000,467953000,29034000,0.92,51577000,57776000,2783648000,51577000,0.843,1162000,,2950785000,0.073,389514000,701272000,1861000,91133000,19164000,3282425000,1.3780000000000001,233008000,0.08,0.8390000000000001,576756000,252691000,7719000,34737000,,96829000,73395000,33274000,130638000,326264000,18971000,43384000
2017,Pozostała działalność usługowa,55,3226270000,303666000,246766000,267908000,290600000,0.5860000000000001,378868000,986238000,359901000,0.07200000000000001,3115235000,325030000,373868000,11797000,0.91,56876000,25078000,2551485000,56876000,0.9420000000000001,1926000,,2736367000,0.077,403477000,688846000,3144000,47360000,13066000,2935670000,1.2309999999999999,233724000,0.09,0.782,444715000,238720000,4933000,34077000,,98719000,81712000,63675000,116209000,197572000,13042000,21837000
2018,Pozostała działalność usługowa,63,3839108000,396058000,323441000,176972000,325848000,0.469,306539000,1081800000,298173000,0.065,3722561000,250545000,493737000,16956000,0.915,75493000,27634000,3202192000,75493000,0.748,2267000,,3416022000,0.07200000000000001,360323000,768009000,3868000,56739000,70210000,3513260000,1.195,250355000,0.085,0.603,557267000,269824000,6029000,32889000,,97379000,109035000,59808000,121787000,290840000,73086000,42423000
2019,Pozostała działalność usługowa,56,4079894000,426995000,369100000,191789000,333490000,0.459,455194000,1129624000,1118241000,0.066,3928841000,352228000,482668000,30430000,0.918,63294000,20386000,3330812000,63294000,0.6890000000000001,2582000,,3473647000,0.063,377550000,822890000,8295000,50773000,93505000,3746404000,1.175,270196000,0.08199999999999999,0.6609999999999999,589653000,245801000,2067000,42978000,,78634000,87951000,100280000,121238000,297236000,98904000,41183000
2020,Pozostała działalność usługowa,55,3517559000,205152000,163486000,159392000,2435000,0.711,380920000,1229132000,1331059000,-0.013000000000000001,3331070000,312141000,340825000,24061000,0.9990000000000001,48028000,101182000,2982763000,48028000,0.331,1191000,,2950150000,0.011000000000000001,577016000,811569000,2017000,107415000,202717000,3515124000,1.357,-45593000,0.001,0.49100000000000005,523954000,36166000,31735000,119038000,,68411000,100150000,79074000,96093000,285660000,209079000,32069000
2011,Przetwórstwo przemysłowe,7267,948058168000,52568369000,45179012000,33779651000,46259198000,0.271,131321891000,317536901000,82671616000,0.040999999999999995,922556165000,111992434000,127938704000,7769215000,0.951,7261989000,10543429000,759488950000,7261989000,0.883,16427724000,46196099000.0,791234274000,0.055,58038292000,214412596000,28270570000,12307655000,6309171000,901862069000,0.966,38997209000,0.049,0.797,149099447000,51074781000,1357253000,19837256000,63099000.0,51409556000,14879359000,13194348000,105099992000,121045974000,6181803000,5299170000
2012,Przetwórstwo przemysłowe,7314,992550962000,50918151000,44054590000,51936056000,43876711000,0.277,141976176000,309408546000,79936660000,0.038,964409353000,123283068000,120390368000,7553000000,0.956,6607371000,12833118000,797379638000,6607371000,0.878,16963479000,43908248000.0,822433177000,0.045,56534481000,203994556000,30854537000,13125439000,7041440000,948642714000,0.9740000000000001,37269340000,0.044000000000000004,0.799,142058892000,43746647000,1570233000,15146890000,-31537000.0,49158731000,13598894000,15016170000,106040845000,108853341000,6785250000,4774328000
2013,Przetwórstwo przemysłowe,7212,997425953000,53458435000,47342420000,54436892000,46994864000,0.294,142618520000,320798920000,78515627000,0.040999999999999995,973084068000,120870865000,122505406000,7783228000,0.953,5855903000,11551203000,805044729000,5855903000,0.8640000000000001,17739411000,47029005000.0,830465548000,0.048,63049878000,214718872000,31526718000,13049751000,6463571000,950396948000,0.971,41138961000,0.047,0.8250000000000001,145525346000,47168474000,1554244000,12930151000,-34141000.0,48858680000,14591493000,11292134000,107291347000,113575445000,6203459000,4932349000
2014,Przetwórstwo przemysłowe,7170,1019021103000,54356992000,48222295000,51151364000,42563600000,0.33899999999999997,143657829000,340459921000,90550935000,0.036000000000000004,996883121000,120504659000,127880520000,8238938000,0.958,5507889000,11140793000,826644273000,5507889000,0.7809999999999999,18603232000,42446766000.0,853225292000,0.05,73631402000,216883640000,31240783000,12013912000,11793392000,976574337000,1.034,37055711000,0.042,0.841,150538100000,49734189000,1597793000,18284612000,116834000.0,48889881000,16404024000,10124070000,110730712000,112433279000,11166584000,5559707000
2015,Przetwórstwo przemysłowe,7241,1043732623000,62392681000,55156007000,57673567000,56237228000,0.337,136457740000,359107132000,89424212000,0.047,1019944983000,110810394000,130501033000,8645103000,0.946,7189131000,11343221000,851413604000,7189131000,0.913,19452726000,56176039000.0,883487243000,0.057,77372892000,229260599000,31760110000,12714286000,6155453000,987556584000,1.023,49048097000,0.054000000000000006,0.8470000000000001,157097085000,57720985000,1717779000,13989365000,61189000.0,53992249000,17637867000,11073354000,117890275000,117438224000,6107910000,6746880000
2016,Przetwórstwo przemysłowe,7344,1091353894000,72006317000,63030155000,56691471000,66203879000,0.331,138366265000,386783520000,97579820000,0.052000000000000005,1064002315000,111909257000,142063633000,9440522000,0.9390000000000001,9069393000,12016686000,886837723000,9069393000,0.905,21894101000,,925636050000,0.061,83908484000,253859034000,32906403000,13285729000,5802438000,1025150015000,0.9990000000000001,57134486000,0.061,0.836,169680679000,65255335000,1714013000,14386349000,,59946712000,19151431000,14065850000,126356890000,133311328000,5895669000,6837467000
2017,Przetwórstwo przemysłowe,7448,1199033995000,74511859000,64936534000,60793263000,67671966000,0.32299999999999995,163272063000,417336272000,94368048000,0.048,1168220650000,128746237000,153640165000,9671579000,0.9440000000000001,9631523000,11994031000,975710458000,9631523000,0.9,24679686000,,1004948587000,0.055,88101763000,272676510000,35839636000,14082994000,6839893000,1131362029000,0.996,58040443000,0.055999999999999994,0.828,183559922000,63763955000,1922866000,14911303000,,65575240000,19920421000,16730351000,138263406000,143656550000,6896091000,7411181000
2018,Przetwórstwo przemysłowe,7292,1264796568000,74119277000,63871955000,65599365000,67717669000,0.282,174595487000,432893086000,98665027000,0.045,1238575391000,138039205000,155489630000,10423753000,0.946,10414133000,12363612000,1032679676000,10416861000,0.899,26814026000,,1063979904000,0.055,81802311000,289965428000,39513927000,13756730000,6401608000,1197078899000,0.9329999999999999,57300808000,0.054000000000000006,0.823,188642474000,67856510000,1924063000,13996406000,,74147538000,19441321000,12464447000,154322637000,148547135000,6571147000,8125664000
2019,Przetwórstwo przemysłowe,7216,1320905571000,76277427000,65274855000,65574546000,68179162000,0.312,180436493000,455283031000,113303539000,0.043,1295013706000,142405079000,159309014000,11128014000,0.948,10997818000,13534925000,1085010199000,10997818000,0.903,27150181000,,1114577213000,0.052000000000000005,94912070000,304526365000,42448862000,15077929000,8098265000,1252726409000,0.941,57181344000,0.052000000000000005,0.8320000000000001,191516613000,67598428000,1948541000,11776206000,,75759743000,20272678000,10813936000,159781203000,155987336000,8093511000,9073145000
2020,Przetwórstwo przemysłowe,7133,1276470006000,76051832000,66073773000,67092037000,62291164000,0.344,162179803000,475479410000,126145154000,0.040999999999999995,1240133338000,123162642000,161474623000,11029679000,0.951,9573332000,17049553000,1052838401000,9573332000,0.7590000000000001,29217429000,,1077953535000,0.052000000000000005,106751454000,310338384000,40890453000,21958675000,13760668000,1214178842000,0.976,52717832000,0.049,0.833,196051325000,64132295000,4420361000,21128246000,,78858067000,21027932000,14377993000,163659445000,157446388000,13355941000,9017186000
2011,Działalność związana z obsługą rynku nieruchomości,499,20534205000,1568125000,1209391000,1390570000,1456663000,1.3090000000000002,419273000,13185349000,7847379000,0.054000000000000006,18925195000,284493000,2260387000,1209782000,0.929,355751000,591296000,17703407000,355751000,0.9,694496000,1458700000.0,18505922000,0.05,7614191000,5818011000,168996000,948495000,111462000,19075505000,1.797,1100912000,0.071,0.85,2842758000,937295000,26991000,496309000,-2037000.0,128002000,332025000,660515000,2224808000,2310612000,108479000,503592000
2012,Działalność związana z obsługą rynku nieruchomości,491,22181995000,1801716000,1470001000,866086000,1541687000,1.473,470101000,13421074000,9314101000,0.055999999999999994,20356481000,389985000,2434962000,893090000,0.93,305811000,724714000,18804490000,305811000,0.8740000000000001,641606000,1542732000.0,19886380000,0.057,7818892000,5307439000,269105000,885777000,260029000,20639263000,2.052,1235876000,0.07,0.845,3072732000,1162006000,36356000,720074000,-1045000.0,135796000,317090000,939737000,1959556000,2519017000,234125000,569894000
2013,Działalność związana z obsługą rynku nieruchomości,474,21382827000,2008653000,1670479000,985062000,1821384000,1.381,213023000,12521711000,9155030000,0.07,19421189000,189326000,2161712000,697279000,0.915,263618000,675611000,18115297000,324815000,0.885,743439000,1817781000.0,19208166000,0.057,7360521000,5329091000,293847000,1013143000,187269000,19565046000,1.8840000000000001,1496569000,0.085,0.833,2681375000,1116566000,39809000,584812000,3603000.0,65954000,473936000,948495000,1810412000,2271741000,173910000,669403000
2014,Działalność związana z obsługą rynku nieruchomości,477,21236156000,1825622000,1599161000,970782000,1325651000,1.492,371595000,12802938000,9025361000,0.053,19794319000,337047000,1901978000,665098000,0.937,134396000,535735000,18278749000,203311000,0.897,815477000,1332388000.0,19422724000,0.06,8026582000,5379578000,189846000,769185000,499971000,19903768000,1.9280000000000002,1122340000,0.062000000000000006,0.853,2342641000,1178523000,56986000,752237000,-6737000.0,71349000,364545000,672652000,1772925000,2230602000,476821000,660790000
2015,Działalność związana z obsługą rynku nieruchomości,478,21347407000,1815381000,1517609000,669037000,1722789000,1.423,358606000,13895836000,6705956000,0.067,20065528000,261855000,2883008000,715052000,0.92,229487000,508337000,18514155000,299488000,0.891,1148590000,1716365000.0,19706922000,0.064,7646586000,5372897000,194500000,827628000,92592000,19631042000,2.0669999999999997,1423301000,0.081,0.856,3461415000,1289518000,65645000,346695000,6424000.0,58378000,365662000,454251000,2123764000,2335753000,94308000,664071000
2016,Działalność związana z obsługą rynku nieruchomości,482,21081430000,1632959000,1360659000,794808000,1004384000,1.253,298184000,15003942000,5798456000,0.033,19826831000,191301000,3069522000,843748000,0.9520000000000001,265704000,856906000,18697569000,310085000,0.8890000000000001,1091219000,,19528647000,0.047,8344635000,6660323000,307615000,886876000,628575000,20077046000,1.7919999999999998,694299000,0.048,0.836,3587357000,937961000,81763000,331270000,,56388000,772587000,367723000,2311330000,2641207000,666360000,760620000
2017,Działalność związana z obsługą rynku nieruchomości,472,23755594000,2610106000,2300232000,1480995000,2360271000,1.121,467107000,17064399000,8331594000,0.085,21379820000,296911000,3132531000,993416000,0.9009999999999999,298747000,604173000,20005849000,340163000,0.887,1505239000,,20912713000,0.05,9229928000,8236720000,468607000,820880000,249835000,21395323000,1.5890000000000002,2020108000,0.099,0.8220000000000001,3856242000,1077060000,94331000,488390000,,58470000,403731000,1554894000,3037480000,2780909000,280124000,940749000
2018,Działalność związana z obsługą rynku nieruchomości,476,23828214000,2268052000,1918480000,1606787000,1855590000,1.22,346345000,19913530000,11397559000,0.063,21739892000,272418000,5456727000,1172827000,0.922,344370000,619510000,20392252000,363414000,0.898,1558888000,,21393547000,0.049,9587047000,7856670000,494130000,997698000,412462000,21972624000,1.981,1492176000,0.078,0.845,5980031000,1075222000,85394000,688444000,,59800000,408940000,1090624000,3312398000,2807688000,426304000,1034054000
2019,Działalność związana z obsługą rynku nieruchomości,464,23911813000,1995834000,1715705000,1796234000,1674832000,1.03,312069000,22523749000,12115498000,0.057999999999999996,22175958000,246278000,5771559000,1097625000,0.93,256419000,560160000,20948535000,286322000,0.893,2955543000,,21863889000,0.044000000000000004,9890914000,9599563000,405185000,827393000,321002000,22236981000,1.71,1388510000,0.07,0.8250000000000001,6523792000,981145000,76179000,482008000,,430479000,409153000,908462000,4957373000,2988409000,327195000,1151670000
2020,Działalność związana z obsługą rynku nieruchomości,470,25810439000,2471959000,2151270000,1651690000,1926483000,1.05,302888000,24719830000,13617488000,0.062000000000000006,23636947000,222288000,3044735000,1051951000,0.925,306857000,570562000,22246894000,326135000,0.8520000000000001,3743391000,,23334059000,0.049,11386774000,10845701000,506277000,746446000,545476000,23883956000,1.661,1600348000,0.075,0.8109999999999999,6629102000,1167765000,80973000,844212000,,60673000,492337000,1427046000,5410973000,3043355000,550922000,1292981000
2011,Budownictwo,1795,121207567000,5699151000,4790040000,5572486000,3599384000,0.40399999999999997,3477458000,61711315000,8881928000,0.023,117457273000,3112460000,21966125000,2346235000,0.97,828883000,2054242000,110133793000,828883000,0.809,7423904000,3639964000.0,113979815000,0.036000000000000004,15985550000,39547679000,1280337000,2428830000,2099767000,117567603000,1.046,2770501000,0.03,0.766,25394096000,4211020000,122991000,2267108000,-40580000.0,2209713000,3249334000,1321464000,13721334000,23034946000,2019539000,6610335000
2012,Budownictwo,1773,112143899000,5005063000,4375006000,6508094000,-199167000,0.397,3052080000,58346935000,8452895000,-0.005,107797671000,2675923000,19595883000,2071501000,1.002,315318000,2927963000,104562499000,315318000,0.7170000000000001,6783961000,-200602000.0,104745591000,0.005,15551948000,39161469000,1828600000,3054741000,5204230000,112344501000,0.978,-514485000,-0.002,0.726,22744772000,559249000,108933000,2178116000,1435000.0,1907495000,3098333000,1291487000,12967119000,22053455000,4889491000,7083096000
2013,Budownictwo,1575,95376486000,4289087000,3692762000,5885770000,1421846000,0.454,2683238000,55573520000,10230457000,0.009000000000000001,91703573000,2359924000,18954704000,1941408000,0.985,608445000,2033167000,87930507000,608445000,0.8240000000000001,6343412000,1422736000.0,89020335000,0.015,15786310000,34789480000,1636786000,2223954000,2867241000,93953750000,1.074,813401000,0.015,0.743,21570038000,1413142000,110737000,1630152000,-890000.0,1755167000,3123620000,1448959000,12095880000,19903497000,2879361000,6121292000
2014,Budownictwo,1413,101908765000,4959739000,4201352000,5772213000,3406074000,0.454,2625291000,55846302000,9069280000,0.027000000000000003,98171403000,2909211000,19847316000,1642359000,0.9670000000000001,654365000,2486832000,91678581000,654365000,0.853,5977906000,3404427000.0,95546112000,0.037000000000000005,16328812000,35980699000,1345427000,2073372000,1553665000,98504338000,1.0890000000000002,2751709000,0.033,0.8029999999999999,22842344000,3583611000,99552000,1429714000,1647000.0,1554264000,2477661000,1663990000,10958961000,19006850000,1449643000,5716185000
2015,Budownictwo,1354,105919708000,8990331000,8156201000,5345339000,7774446000,0.5750000000000001,2328169000,56488019000,9689119000,0.066,99350281000,2681246000,16943934000,1510457000,0.927,835611000,1793082000,92514084000,835611000,0.918,5870640000,7712907000.0,97022112000,0.042,20270457000,35259749000,1171721000,2280387000,1215885000,98206801000,1.149,6938835000,0.073,0.8470000000000001,20254386000,4154951000,83091000,1218389000,61539000.0,1431573000,2459017000,4289040000,10859057000,16972473000,1217366000,5104119000
2016,Budownictwo,1315,94447054000,6076833000,5358533000,3622956000,4538847000,0.546,2142587000,56043568000,9957475000,0.040999999999999995,89960316000,2619468000,17272145000,1735330000,0.9520000000000001,652489000,1589914000,84530439000,652489000,0.8270000000000001,7397508000,,87817729000,0.031000000000000003,17903999000,32794319000,1408234000,3004029000,1537986000,89908207000,1.1740000000000002,3886358000,0.048,0.7909999999999999,20585737000,2810409000,82318000,1168386000,,1643856000,2156313000,1482709000,12508556000,16345183000,1472175000,5045276000
2017,Budownictwo,1233,102769736000,5284546000,4448518000,3957462000,3801522000,0.46399999999999997,2120604000,61275294000,7320853000,0.027999999999999997,100009265000,2727991000,19004047000,1653934000,0.963,918275000,1731699000,93664903000,918275000,0.84,7865005000,,97888661000,0.036000000000000004,17449164000,37583757000,1333186000,1878625000,1483024000,98968214000,1.108,2883247000,0.037000000000000005,0.8079999999999999,24198219000,3616371000,45321000,843621000,,2021795000,2908861000,881846000,13429166000,18126523000,1565271000,6198745000
2018,Budownictwo,1224,117197355000,6633217000,5763459000,5188655000,5185222000,0.409,2377812000,63404206000,7974237000,0.037000000000000005,114291053000,2931579000,20916089000,1647510000,0.956,884011000,1616800000,106586734000,884011000,0.79,8304202000,,111913241000,0.042,15694729000,38345549000,1127818000,2018012000,1447995000,112012133000,1.102,4301211000,0.044000000000000004,0.841,26545203000,4772740000,44296000,877020000,,2521772000,3282439000,888290000,14193100000,19340505000,1462248000,6971174000
2019,Budownictwo,1202,121185722000,7455236000,6340608000,5280730000,5986778000,0.44,2368714000,68844833000,7696690000,0.04,117826458000,2924929000,23629575000,1587184000,0.951,1129274000,1744637000,109616072000,1129274000,0.8640000000000001,9602107000,,115457744000,0.045,18701163000,42543236000,1093389000,2328882000,1468458000,115198944000,1.102,4857504000,0.049,0.87,28195164000,5285457000,58043000,913306000,,2488311000,2985530000,1030382000,15460692000,20451448000,1483104000,6487814000
2020,Budownictwo,1211,119187902000,7909957000,6713117000,4288361000,6627548000,0.545,2522048000,72647863000,8502230000,0.046,115717875000,2081441000,22596944000,1643114000,0.9440000000000001,1190250000,1881899000,107424343000,1190250000,0.914,8054753000,,113195827000,0.054000000000000006,22784629000,41828831000,1639970000,2347335000,1282409000,112560354000,1.222,5437298000,0.055999999999999994,0.843,28310065000,6212091000,208196000,1172671000,,3455336000,2903515000,1122692000,15393069000,18552776000,1275819000,6160100000
2011,Ogółem,17346,2294301870000,142390088000,121126185000,75359894000,124886667000,0.381,843523695000,739064765000,235702098000,0.045,2208467421000,716249265000,271544354000,69506141000,0.946,20936342000,33134489000,1376126352000,20936342000,0.861,27777111000,124817422000.0,1364943726000,0.053,191182099000,501944956000,33225958000,39916522000,17503421000,2169484448000,1.0270000000000001,103950325000,0.054000000000000006,0.78,324391255000,116091804000,4971260000,43974342000,69245000.0,64369626000,40246815000,45917927000,197893888000,274688727000,17175860000,25597523000
2012,Ogółem,17594,2383226666000,123534335000,105437433000,111129893000,99371999000,0.341,889333598000,717571423000,240892402000,0.034,2299319073000,756088974000,264980339000,71689028000,0.958,17255059000,42650896000,1444115665000,17255059000,0.8440000000000001,27691936000,99358532000.0,1409985475000,0.043,170920500000,501072903000,38258152000,44809936000,24162336000,2283868134000,0.9740000000000001,82116940000,0.042,0.768,317338270000,99114434000,5640718000,41012599000,13467000.0,63324955000,37404437000,39097657000,203896214000,264448323000,23320493000,25416439000
2013,Ogółem,17239,2392594153000,128048544000,111047493000,115319734000,108113485000,0.35000000000000003,908902556000,737915241000,261819359000,0.038,2312285797000,765823478000,268608640000,74941831000,0.9550000000000001,15944854000,34856841000,1447109953000,16006051000,0.853,27905204000,108109638000.0,1403383241000,0.043,183072471000,523091829000,38364843000,45497014000,19935059000,2284484515000,0.968,92107434000,0.045,0.7959999999999999,323286840000,99352366000,6032229000,36694243000,3847000.0,62913672000,39922792000,34811342000,207336856000,270156821000,18940059000,24219074000
2014,Ogółem,17022,2442964745000,132352000000,115546010000,105713529000,105685934000,0.389,916013669000,768733636000,312885467000,0.037000000000000005,2359391117000,768966859000,275197842000,77538550000,0.9570000000000001,15458428000,35415661000,1484961563000,15527343000,0.821,28334818000,105539117000.0,1443377448000,0.045,201963694000,519204088000,37665924000,42031273000,26666066000,2337425628000,1.025,90158591000,0.043,0.816,330359747000,105462695000,6341224000,48081545000,146817000.0,62547968000,39712326000,41542355000,212556381000,269925817000,25387419000,23853814000
2015,Ogółem,17194,2520937778000,138473569000,120485213000,121041601000,108215150000,0.383,945918691000,806896995000,325829439000,0.036000000000000004,2444802181000,790114772000,283182854000,82032658000,0.9570000000000001,16604037000,35519860000,1543999095000,16674038000,0.856,29543764000,108177192000.0,1498883490000,0.045,212141196000,554250687000,37627215000,41134142000,30258419000,2412760586000,1.01,91541112000,0.043,0.828,347473032000,110688314000,6282049000,43126859000,37958000.0,66546710000,42246659000,35001455000,223558609000,277950921000,28944101000,23724158000
2016,Ogółem,17481,2620280824000,154837782000,134397221000,126896100000,131417689000,0.38799999999999996,988920824000,872218461000,359827082000,0.042,2537839249000,820124249000,309344138000,91484760000,0.9500000000000001,20310187000,39101218000,1590579849000,20354568000,0.8570000000000001,33829642000,,1548918425000,0.05,230952630000,594891910000,38161876000,45729728000,23420093000,2488863135000,1.02,111063121000,0.05,0.8150000000000001,375647805000,127135151000,7535030000,39057819000,,72392364000,45210676000,36711847000,240292326000,307990571000,23334100000,25325700000
2017,Ogółem,17852,2865057611000,168721363000,145290122000,132994609000,150074030000,0.384,1085735500000,956153126000,355090847000,0.044000000000000004,2771747618000,893848082000,341733059000,100895449000,0.948,23636760000,40580469000,1743154030000,23678176000,0.8740000000000001,38893490000,,1686012118000,0.049,249750313000,649548948000,41303856000,48855689000,18647333000,2714983581000,1.022,126395854000,0.052000000000000005,0.809,414355824000,134745506000,10112470000,37401000000,,79604028000,47815427000,44454304000,265097822000,340529829000,18894268000,26949167000
2018,Ogółem,17711,3057031871000,162744569000,137829094000,148427477000,137717572000,0.36200000000000004,1175735659000,1015096243000,362387678000,0.037000000000000005,2974308224000,972929470000,358380184000,111575061000,0.9550000000000001,24999480000,41459937000,1863736274000,25021252000,0.8590000000000001,41905830000,,1798572565000,0.046,253939577000,700958252000,45611735000,44927929000,25026997000,2919314299000,0.9840000000000001,112696320000,0.045,0.8059999999999999,435886611000,137642480000,8929683000,41188618000,,91012314000,49315986000,37795718000,295816578000,354348005000,25132774000,29453477000
2019,Ogółem,17739,3235515592000,169652913000,143625649000,155226596000,147310645000,0.381,1250863011000,1083662856000,421162145000,0.037000000000000005,3152983879000,1033831819000,370600343000,117444249000,0.9540000000000001,26091981000,40838979000,1975153359000,26121884000,0.876,44678163000,,1902120868000,0.046,284807572000,747584544000,49355686000,45063831000,22342268000,3088204947000,0.9890000000000001,121188761000,0.046,0.818,454184872000,143998701000,8492682000,38380790000,,95391928000,51271388000,37467882000,313217086000,375453136000,22436888000,31453326000
2020,Ogółem,17690,3206898362000,185198247000,157625363000,163687179000,142538425000,0.439,1238945839000,1144847519000,499674256000,0.036000000000000004,3107607718000,1016376528000,365175582000,118370261000,0.956,26269166000,52607313000,1942183958000,26288444000,0.8,45753095000,,1868661879000,0.048,336803087000,767793703000,48705660000,62140910000,42659822000,3064359937000,1.034,116249981000,0.044000000000000004,0.804,457094463000,149047232000,13932096000,53192138000,,99754860000,55869411000,37149734000,319396253000,375813258000,41375382000,31553716000
2011,Opieka zdrowotna i pomoc społeczna,359,9183295000,292975000,251719000,468792000,-12996000,0.331,162721000,1885448000,2300791000,-0.005,8915253000,109827000,928200000,13398000,1.002,36088000,109851000,8648559000,36088000,0.568,815000,-15049000.0,8752532000,0.018000000000000002,619136000,1871855000,2562000,227194000,305971000,9198344000,0.913,-49084000,-0.001,0.669,1089225000,156867000,52667000,330107000,2053000.0,94797000,177070000,40848000,115073000,767561000,300803000,62014000
2012,Opieka zdrowotna i pomoc społeczna,396,11053970000,452862000,393629000,776684000,265977000,0.32799999999999996,163780000,2282365000,2568060000,0.019,10652066000,121829000,1199528000,11448000,0.976,55535000,117070000,10265362000,55535000,0.701,858000,265973000.0,10488286000,0.025,719230000,2194109000,4235000,248646000,186885000,10787997000,0.9400000000000001,210442000,0.024,0.7070000000000001,1343165000,264875000,59013000,283736000,4000.0,117923000,217280000,153258000,140065000,885358000,183187000,79905000
2013,Opieka zdrowotna i pomoc społeczna,440,12992661000,614027000,528237000,691320000,366261000,0.48200000000000004,211217000,3004267000,3716258000,0.021,12548030000,149257000,1465832000,15419000,0.9720000000000001,87943000,216340000,11964569000,87943000,0.7000000000000001,1901000,364281000.0,12336813000,0.035,1090353000,2264086000,2784000,379887000,247766000,12628380000,1.2,278318000,0.027999999999999997,0.705,1627375000,434204000,89472000,298214000,1980000.0,148281000,277656000,64744000,173724000,918727000,249919000,112815000
2014,Opieka zdrowotna i pomoc społeczna,466,15157601000,645378000,572059000,706074000,303321000,0.385,190630000,3357825000,3909087000,0.016,14584600000,141143000,1678790000,21531000,0.98,68305000,251966000,14174523000,68305000,0.588,1575000,302529000.0,14393970000,0.018000000000000002,1149702000,2984591000,3151000,493660000,342057000,14855072000,0.9990000000000001,235016000,0.02,0.624,1832732000,268934000,117134000,287440000,792000.0,176342000,338151000,79341000,209465000,1291678000,337043000,165926000
2015,Opieka zdrowotna i pomoc społeczna,470,16914471000,736982000,655297000,594588000,421136000,0.505,231161000,4053053000,4947200000,0.02,16381636000,175967000,1938445000,22211000,0.975,83925000,237161000,15804312000,83925000,0.599,1251000,421187000.0,16150475000,0.025,1496040000,2961097000,2928000,461409000,315846000,16493284000,1.23,337211000,0.025,0.668,2147329000,401357000,142825000,275844000,-51000.0,204268000,363414000,71426000,252947000,1446452000,318086000,156737000
2016,Opieka zdrowotna i pomoc społeczna,475,18647124000,745102000,643143000,569223000,267949000,0.456,288075000,4345042000,5009357000,0.009000000000000001,17959704000,210031000,2186001000,28256000,0.986,100154000,360628000,17494089000,100154000,0.578,1549000,,17671629000,0.013999999999999999,1489314000,3263329000,2989000,579534000,477153000,18379175000,1.18,167795000,0.013999999999999999,0.6459999999999999,2362683000,255584000,177345000,314427000,,245278000,400396000,107886000,278855000,1724856000,475348000,214190000
2017,Opieka zdrowotna i pomoc społeczna,487,20254476000,773252000,664389000,703036000,221480000,0.528,274133000,4804080000,5224419000,0.005,19549089000,198886000,2086445000,35097000,0.9890000000000001,110483000,284722000,19188525000,110483000,0.617,1767000,,19274956000,0.008,1997202000,3781319000,3448000,601317000,551772000,20032996000,1.143,110997000,0.011000000000000001,0.653,2322958000,161678000,178595000,360863000,,263527000,476372000,104070000,308035000,1959207000,553392000,175885000
2018,Opieka zdrowotna i pomoc społeczna,476,22176877000,745760000,615677000,690290000,94267000,0.43,314813000,4810743000,4202491000,-0.001,21369379000,225956000,2176969000,31681000,0.996,123887000,263124000,21310768000,123887000,0.562,1386000,,21054566000,-0.008,1772160000,4125594000,7210000,704331000,651493000,22082610000,1.034,-29620000,0.004,0.622,2492913000,-167345000,263566000,282762000,,304762000,554484000,103167000,348848000,2110171000,645297000,196822000
2019,Opieka zdrowotna i pomoc społeczna,488,24903065000,830070000,697271000,695516000,90362000,0.433,283291000,5396336000,5203999000,-0.002,24029001000,212601000,2226357000,33540000,0.996,127868000,360336000,23937015000,127868000,0.5650000000000001,3203000,,23745710000,-0.005,1999168000,4615709000,8919000,772476000,739708000,24812703000,1.045,-37506000,0.004,0.639,2825203000,-120615000,341124000,302751000,,320585000,592427000,101588000,372347000,2197370000,734777000,199618000
2020,Opieka zdrowotna i pomoc społeczna,474,27440494000,1398322000,1172473000,958894000,714276000,0.508,232604000,6602129000,5060974000,0.018000000000000002,26035802000,172021000,2709022000,47517000,0.9740000000000001,219614000,358796000,25833399000,219614000,0.649,3199000,,25803198000,0.001,2754410000,5417891000,11808000,1236406000,684046000,26726218000,1.076,494662000,0.026000000000000002,0.599,3074624000,30382000,453421000,362002000,,518162000,786220000,168286000,591144000,2332063000,677811000,181951000
2011,Edukacja,25,414941000,22461000,19118000,16861000,2042000,0.20600000000000002,14362000,149310000,26316000,-0.006999999999999999,362655000,8782000,54908000,2166000,0.995,5115000,9234000,376960000,5115000,0.78,54000,2032000.0,348293000,-0.064,33886000,164632000,855000,43832000,20419000,412909000,0.6829999999999999,-3073000,0.005,0.68,78614000,-23087000,35413000,17933000,10000.0,3655000,9021000,8454000,7112000,50747000,22191000,29698000
2012,Edukacja,27,514913000,40651000,33729000,46801000,26174000,0.517,15523000,208608000,52745000,0.037000000000000005,465797000,7436000,54097000,4205000,0.9490000000000001,7018000,11212000,451495000,7018000,0.888,324000,26174000.0,450274000,0.015,99410000,192300000,1817000,39804000,14477000,488739000,0.8959999999999999,19156000,0.051,0.778,72936000,6866000,24531000,18596000,0.0,3593000,12748000,9312000,10296000,58644000,14573000,25966000
2013,Edukacja,48,891210000,40182000,31487000,121732000,23825000,0.44700000000000006,25626000,274280000,63054000,0.017,579195000,18719000,68930000,3596000,0.973,8629000,19293000,812771000,8629000,0.45799999999999996,396000,23825000.0,553569000,-0.436,131085000,293477000,2600000,296800000,16357000,867385000,0.807,15196000,0.027000000000000003,0.6459999999999999,105655000,-252295000,272370000,16602000,0.0,3080000,18238000,15215000,10132000,69468000,16291000,27408000
2014,Edukacja,57,1059049000,83064000,72975000,207895000,73129000,0.425,16643000,361854000,89425000,0.059000000000000004,720453000,4877000,113102000,3673000,0.9309999999999999,10512000,14678000,943417000,10512000,0.782,8598000,73325000.0,703810000,-0.316,151149000,355835000,2924000,325946000,9935000,985724000,0.8240000000000001,62617000,0.069,0.7540000000000001,142033000,-227841000,305467000,22752000,-196000.0,3129000,29455000,12650000,19161000,55916000,10358000,49511000
2015,Edukacja,57,1074203000,71401000,63940000,35255000,12376000,0.841,15593000,381350000,121172000,0.005,750288000,3960000,76587000,3351000,0.988,6622000,36758000,982049000,6622000,0.4,830000,12368000.0,734695000,-0.314,234006000,278142000,1885000,286177000,59025000,1061835000,1.2590000000000001,5754000,0.012,0.561,116070000,-235721000,272474000,39068000,8000.0,1180000,36421000,37738000,7809000,84848000,58186000,23465000
2016,Edukacja,51,1037134000,72880000,64300000,42915000,-13850000,0.615,7455000,247356000,112802000,-0.022000000000000002,684369000,3411000,64685000,1919000,1.013,9458000,118130000,916393000,9458000,0.626,1656000,,676914000,-0.344,129895000,211294000,1043000,335669000,86730000,1050984000,1.018,-23308000,-0.013000000000000001,0.667,85208000,-235435000,277979000,13050000,,3038000,32038000,17096000,9246000,65088000,87608000,23007000
2017,Edukacja,55,1129912000,66742000,57712000,42946000,16106000,0.7759999999999999,3601000,254624000,191633000,0.006,830973000,1989000,71295000,1474000,0.986,9513000,23158000,1076396000,9513000,0.693,342000,,827372000,-0.298,123560000,159321000,1104000,294312000,50636000,1113806000,1.4709999999999999,6593000,0.013999999999999999,0.782,110732000,-247412000,275659000,12263000,,665000,25159000,4627000,4690000,52241000,51119000,15642000
2018,Edukacja,61,1368122000,96086000,84738000,63354000,70875000,0.9309999999999999,6084000,394457000,101407000,0.043,965224000,4293000,103209000,1626000,0.948,12623000,17006000,1264346000,12623000,0.794,407000,,959140000,-0.314,210957000,226708000,1060000,397183000,25211000,1297247000,1.5330000000000001,58252000,0.052000000000000005,0.738,136580000,-303415000,368346000,11602000,,500000,39599000,5715000,7414000,66248000,26486000,39506000
2019,Edukacja,85,1701004000,100382000,86491000,57505000,81277000,1.2790000000000001,19386000,501486000,114948000,0.039,1230334000,17582000,123899000,3866000,0.9520000000000001,15164000,54085000,1534019000,15164000,0.886,1430000,,1210948000,-0.261,309648000,242138000,1231000,461852000,19105000,1619727000,1.916,66113000,0.048,0.765,154177000,-321267000,420568000,14041000,,1419000,41050000,8818000,9913000,70870000,20378000,27748000
2020,Edukacja,78,1312235000,115729000,99069000,29317000,104236000,1.422,4616000,452602000,97884000,0.067,796484000,4485000,78174000,334000,0.9209999999999999,16687000,28647000,1169026000,16687000,0.887,1352000,,791868000,-0.473,247245000,173851000,1020000,512233000,11493000,1207999000,2.359,87549000,0.079,0.821,162786000,-377027000,491506000,5841000,,438000,47675000,3518000,18378000,52163000,11520000,24193000
2011,"Handel hurtowy i detaliczny; naprawa pojazdów samochodowych, włączając motocykle",3448,662350663000,18105811000,15194612000,19692976000,15046746000,0.21,604682971000,158194701000,25513849000,0.018000000000000002,650285455000,505310510000,61755377000,54089898000,0.9770000000000001,2937239000,5598658000,129646905000,2937239000,0.8150000000000001,461437000,15036678000.0,45602484000,0.024,26441804000,125683088000,782094000,6876428000,3059065000,647313985000,0.779,12109507000,0.023,0.773,71516633000,15328040000,188484000,6757912000,10068000.0,1754322000,6921091000,5188780000,57986028000,82571967000,3085105000,2250236000
2012,"Handel hurtowy i detaliczny; naprawa pojazdów samochodowych, włączając motocykle",3465,695352836000,16536624000,13948382000,26770178000,12454829000,0.217,635611604000,159229187000,24892251000,0.013999999999999999,683509107000,533306790000,60208437000,56913329000,0.9820000000000001,2502582000,5928056000,136165306000,2502582000,0.793,457766000,12440782000.0,47897503000,0.021,27544751000,127094861000,855250000,6693523000,4081795000,682912054000,0.7590000000000001,9952247000,0.018000000000000002,0.745,68967014000,14037011000,191494000,7511902000,14047000.0,1806102000,6068227000,5150206000,60647758000,83738759000,3996135000,2069664000
2013,"Handel hurtowy i detaliczny; naprawa pojazdów samochodowych, włączając motocykle",3328,711497106000,18601962000,15884517000,26347871000,15211357000,0.21300000000000002,652072287000,164354414000,26062154000,0.018000000000000002,699431731000,543046794000,60740469000,60795832000,0.9790000000000001,2672897000,6026312000,140810839000,2672897000,0.836,452195000,15203886000.0,47359444000,0.022000000000000002,28162729000,132275759000,945127000,7327883000,3390605000,696293220000,0.7320000000000001,12538460000,0.021,0.79,68616657000,15574098000,211334000,6409275000,7471000.0,1833832000,6845150000,4737492000,65032605000,85592140000,3346057000,2542423000
2014,"Handel hurtowy i detaliczny; naprawa pojazdów samochodowych, włączając motocykle",3226,727189443000,20579654000,17925451000,24226999000,15997055000,0.22899999999999998,668543062000,169354304000,29933495000,0.019,716541095000,552690945000,59834016000,62639633000,0.978,2465170000,6861469000,145603096000,2465170000,0.86,475927000,15969930000.0,47998033000,0.025,30225475000,131795748000,1056746000,5707410000,4582599000,711219513000,0.7540000000000001,13531885000,0.022000000000000002,0.8150000000000001,69127956000,18247054000,212813000,6064003000,27125000.0,1820484000,7093679000,4940938000,67452670000,88081019000,4393566000,2548203000
2015,"Handel hurtowy i detaliczny; naprawa pojazdów samochodowych, włączając motocykle",3233,752769844000,22462292000,19467610000,29073421000,17241969000,0.239,692647431000,180371245000,31537876000,0.019,741702790000,571291642000,63436288000,66689227000,0.9770000000000001,2937121000,6987691000,151281535000,2937121000,0.846,531936000,17249239000.0,49055359000,0.026000000000000002,33391630000,139806870000,1228750000,6430452000,5220323000,735520605000,0.7590000000000001,14304848000,0.023,0.821,72715325000,19129613000,190230000,5959737000,-7270000.0,1747274000,7629519000,4636602000,71618296000,90746021000,5162762000,2645994000
2016,"Handel hurtowy i detaliczny; naprawa pojazdów samochodowych, włączając motocykle",3345,800093922000,26709418000,23107151000,30376601000,21879510000,0.24,732375348000,202580679000,31983255000,0.023,786569868000,599655095000,71910183000,73897778000,0.973,3751204000,7387803000,164925622000,3751204000,0.863,595159000,,54194520000,0.027999999999999997,37197430000,155157260000,1259592000,8131703000,4829908000,778214412000,0.778,18128306000,0.027000000000000003,0.8190000000000001,83487958000,21989151000,217912000,6245892000,,2132933000,8538604000,5392351000,78762101000,101479136000,4978845000,3133190000
2017,"Handel hurtowy i detaliczny; naprawa pojazdów samochodowych, włączając motocykle",3407,876880695000,27247612000,22988055000,28347490000,23478565000,0.256,808090192000,229996102000,33785746000,0.022000000000000002,865801705000,659936462000,80874215000,82909053000,0.973,4554575000,7046609000,180427919000,4554575000,0.8520000000000001,688229000,,57711513000,0.028999999999999998,43525179000,170257205000,1348311000,6345072000,3769047000,853402130000,0.812,18923990000,0.027000000000000003,0.8240000000000001,94652368000,25437324000,240210000,5991140000,,2331105000,9839991000,4733918000,88293066000,113264872000,4064065000,3525489000
2018,"Handel hurtowy i detaliczny; naprawa pojazdów samochodowych, włączając motocykle",3395,952720385000,30375065000,25266833000,35417349000,25466960000,0.24800000000000003,879223478000,243285949000,36644092000,0.021,941472044000,720684715000,83121928000,91916941000,0.973,5191592000,7452761000,193334768000,5191592000,0.861,779167000,,62248566000,0.028999999999999998,45815367000,184630145000,1423788000,7021304000,4908105000,927253425000,0.765,20275368000,0.027000000000000003,0.823,95386806000,27452561000,228060000,5781181000,,2875849000,10721581000,4227037000,98245675000,116711297000,4991465000,3838101000
2019,"Handel hurtowy i detaliczny; naprawa pojazdów samochodowych, włączając motocykle",3398,1002830359000,31926235000,26537405000,35563996000,28081020000,0.278,925084297000,259004346000,45263202000,0.023,992429092000,751266843000,82903272000,96671826000,0.9720000000000001,5426035000,8095576000,209900154000,5426035000,0.8790000000000001,830953000,,67344795000,0.032,54134810000,194564788000,1488280000,6594258000,3845215000,974749339000,0.78,22654985000,0.027999999999999997,0.8340000000000001,97653046000,31262095000,221369000,5486766000,,2995722000,10859948000,3807009000,103190425000,125063864000,3882420000,4026065000
2020,"Handel hurtowy i detaliczny; naprawa pojazdów samochodowych, włączając motocykle",3369,1012957351000,36866735000,31003137000,30503562000,31558231000,0.33,926644768000,268488330000,48470529000,0.025,997588824000,748958140000,80238396000,97548300000,0.9690000000000001,5992642000,11442090000,213704142000,5992642000,0.878,977158000,,70944056000,0.035,63079475000,191197652000,1745122000,10220699000,5308504000,981399120000,0.8320000000000001,25565589000,0.031000000000000003,0.821,95993116000,34926542000,862296000,7294748000,,3441046000,11944423000,5147828000,105335687000,124889668000,5437548000,4080052000
2011,"Wytwarzanie i zaopatrywanie w energię elektryczną, gaz, parę wodną, gorącą wodę i powietrze do układów klimatyzacyjnych",263,181368513000,22043745000,18807020000,2319722000,21968816000,0.716,78445094000,57663041000,19462807000,0.10300000000000001,168573775000,71353406000,16706042000,1726276000,0.8790000000000001,3236131000,4419429000,81893028000,3236131000,0.993,56390000,21965272000.0,90128681000,0.091,23618995000,33001150000,514194000,3315236000,74929000,159403241000,1.3519999999999999,18732685000,0.121,0.863,21003359000,15327341000,61304000,1737378000,3544000.0,5731148000,4659180000,9479502000,8111350000,12110481000,74335000,4929337000
2012,"Wytwarzanie i zaopatrywanie w energię elektryczną, gaz, parę wodną, gorącą wodę i powietrze do układów klimatyzacyjnych",254,187930413000,17094001000,14301585000,4548030000,16878766000,0.517,82004853000,56449782000,29274692000,0.075,178911371000,70857164000,19460916000,2001613000,0.91,2766840000,7594585000,90041097000,2766840000,0.9820000000000001,80949000,16878673000.0,96906518000,0.10099999999999999,18097885000,34972755000,795531000,3728833000,215235000,171051740000,1.188,14111926000,0.09,0.87,23444888000,18013110000,88984000,2558894000,93000.0,6843113000,4305997000,5290209000,9746680000,12823231000,189659000,5160329000
2013,"Wytwarzanie i zaopatrywanie w energię elektryczną, gaz, parę wodną, gorącą wodę i powietrze do układów klimatyzacyjnych",247,189608192000,20700827000,17754788000,4200184000,19432413000,0.609,82997430000,54406239000,33576988000,0.08800000000000001,178218297000,71410539000,18289891000,1476143000,0.898,2756518000,5891926000,89723875000,2756518000,0.935,67872000,19432367000.0,95220867000,0.096,20140718000,33056029000,1018910000,3170470000,1268414000,170175825000,1.2550000000000001,16675895000,0.102,0.887,21345549000,17083883000,114616000,3149485000,46000.0,6695676000,4477549000,8219425000,9313822000,13383770000,1078893000,3606150000
2014,"Wytwarzanie i zaopatrywanie w energię elektryczną, gaz, parę wodną, gorącą wodę i powietrze do układów klimatyzacyjnych",245,191180827000,23792486000,20971184000,2789640000,23370066000,0.68,73784772000,59797575000,46737041000,0.107,170958997000,66798839000,18786974000,1938330000,0.878,2845544000,4504110000,87836222000,2845544000,0.978,55759000,23370120000.0,97174225000,0.095,22878986000,33658624000,934793000,3283958000,422420000,167810707000,1.364,20524522000,0.122,0.886,23040353000,16323936000,198099000,8671536000,-54000.0,6701254000,3765579000,16937872000,9895091000,12636006000,446662000,3983145000
2015,"Wytwarzanie i zaopatrywanie w energię elektryczną, gaz, parę wodną, gorącą wodę i powietrze do układów klimatyzacyjnych",237,194746362000,15400181000,13277060000,4629159000,5711167000,0.532,84909787000,57844417000,57424887000,0.024,185470546000,77275211000,18929492000,1935895000,0.971,973936000,4106366000,99888270000,973936000,0.745,82838000,5711166000.0,100560759000,0.045,19668389000,36984235000,924481000,2342230000,9689014000,189035196000,1.222,4737231000,0.028999999999999998,0.89,25508132000,8307065000,165098000,7765349000,1000.0,5609777000,3906644000,6933586000,9346042000,12905285000,8539829000,3321854000
2016,"Wytwarzanie i zaopatrywanie w energię elektryczną, gaz, parę wodną, gorącą wodę i powietrze do układów klimatyzacyjnych",222,188452456000,18086214000,15633835000,9702261000,15474202000,0.55,81664058000,60313562000,63344498000,0.071,177528390000,74262182000,19692999000,1725084000,0.918,2120458000,5159222000,88076465000,2120458000,0.7440000000000001,65083000,,95864332000,0.086,23225614000,42191409000,494309000,3316154000,2612012000,172978254000,1.159,13353744000,0.08199999999999999,0.905,25662273000,15189743000,233562000,5480385000,,4912579000,4035921000,7607912000,7863667000,12737799000,2280091000,3562008000
2017,"Wytwarzanie i zaopatrywanie w energię elektryczną, gaz, parę wodną, gorącą wodę i powietrze do układów klimatyzacyjnych",223,192657653000,21211396000,18717260000,9121079000,20072778000,0.521,78976359000,59120763000,64404756000,0.092,180282831000,70656506000,22480719000,1541792000,0.8959999999999999,2322040000,5253190000,93272501000,2322040000,0.9470000000000001,71826000,,101306472000,0.091,22325214000,42821794000,385820000,2719356000,1138618000,172584875000,1.1520000000000001,17750738000,0.10400000000000001,0.9009999999999999,27017187000,16353824000,263776000,3402678000,,5517157000,3670242000,9655466000,7627342000,15201342000,966522000,2151020000
2018,"Wytwarzanie i zaopatrywanie w energię elektryczną, gaz, parę wodną, gorącą wodę i powietrze do układów klimatyzacyjnych",220,200603374000,15853961000,13241509000,13399765000,12825789000,0.444,83283391000,68858708000,62444359000,0.053,186500164000,76369902000,24095153000,2641689000,0.9359999999999999,2268595000,5856157000,97087604000,2268595000,0.81,67332000,,103216773000,0.07,25433283000,57258927000,615473000,3454359000,3028172000,187777585000,0.996,10557194000,0.064,0.745,31603321000,13042658000,217000000,8463922000,,6997804000,3390731000,10648851000,10468778000,18093250000,2684315000,1353326000
2019,"Wytwarzanie i zaopatrywanie w energię elektryczną, gaz, parę wodną, gorącą wodę i powietrze do układów klimatyzacyjnych",220,227108949000,14616469000,12624119000,16003602000,12818098000,0.461,103500969000,77372511000,73364308000,0.048,211815301000,98320887000,24469920000,2965301000,0.9440000000000001,1964287000,5437264000,101077430000,1964287000,0.8190000000000001,79003000,,108314332000,0.059000000000000004,28135111000,61085578000,551721000,3405111000,1798371000,214290851000,1.018,10853811000,0.055999999999999994,0.705,34071684000,12416984000,240504000,9455270000,,8961331000,4236515000,11888537000,13219558000,18109740000,1770308000,1946158000
2020,"Wytwarzanie i zaopatrywanie w energię elektryczną, gaz, parę wodną, gorącą wodę i powietrze do układów klimatyzacyjnych",210,234637136000,21321405000,17727018000,15181879000,16199585000,0.627,112952019000,83575839000,75906401000,0.054000000000000006,222517230000,107061778000,24905571000,3383144000,0.9309999999999999,3476597000,6794798000,95169343000,3476597000,0.664,82218000,,109565211000,0.091,35159996000,56079083000,553953000,5732426000,5121820000,218437551000,1.211,12722988000,0.069,0.748,32741830000,20286109000,312181000,9411632000,,8611883000,4580465000,6387480000,13128214000,17272469000,5004030000,2545799000
